Osoba ID,Politik
jana-pastuchova,jiri-dusek-49
vlastimil-valek,miroslav-kalousek
andrej-babis,adam-vojtech-1
andrej-babis,klara-dostalova
tomio-okamura,david-rath
milos-vystrcil,jaromir-soukup
tomio-okamura,andrej-babis
tomio-okamura,tomas-petricek
petr-fiala,andrej-babis
tomio-okamura,ivan-david
tomio-okamura,milos-zeman
miroslav-kalousek,jan-zahradil
miroslav-kalousek,jan-zahradil-2
miroslav-kalousek,milos-zeman
tomio-okamura,martin-kolovratnik
jan-farsky,vit-rakusan
vladimir-kremlik,klara-dostalova
tomio-okamura,stanislav-polcak
tomio-okamura,vera-jourova
petr-fiala,milan-uhde
marketa-adamova,jaroslav-faltynek
vladimir-kremlik,jitka-volfova
milos-vystrcil,jiri-dienstbier
milos-vystrcil,jiri-dienstbier-1
milos-vystrcil,jiri-ruzicka
tomio-okamura,andrej-babis
tomio-okamura,jan-hrncir
petr-fiala,andrej-babis
marketa-adamova,michael-kocab
jakub-michalek,michal-hasek
tomio-okamura,andrej-babis
zdenek-hrib,andrej-babis
zdenek-hrib,petr-hlubucek-1
tomio-okamura,andrej-babis
tomio-okamura,andrej-babis
tomio-okamura,lubomir-zaoralek
andrej-babis,alena-schillerova
tomio-okamura,jan-hamacek
tomio-okamura,jan-chvojka
jana-vildumetzova,jaroslav-bradac
jana-vildumetzova,milos-zeman
tomio-okamura,andrej-babis
tomio-okamura,karel-schwarzenberg
tomio-okamura,milos-zeman
tomio-okamura,mirek-topolanek
tomio-okamura,vaclav-havel
tomio-okamura,michal-hasek
tomio-okamura,milos-zeman
tomio-okamura,miroslav-poche
tomio-okamura,vaclav-havel
tomio-okamura,vaclav-laska
tomio-okamura,milos-zeman
tomio-okamura,jan-hamacek
milos-vystrcil,jaroslav-kubera
tomio-okamura,ivan-david
tomio-okamura,jan-hrncir
tomio-okamura,jaroslav-horak
tomio-okamura,andrej-babis
tomio-okamura,milos-babis
tomio-okamura,petr-dvorak
tomio-okamura,ivan-bartos
tomio-okamura,ivan-bartos-11
martin-kupka,zdenek-zajicek
milos-zeman,tomas-jan-podivinsky
petr-fiala,andrej-babis
klara-dostalova,richard-brabec
tomio-okamura,milos-zeman
tomio-okamura,jan-hamacek
sarka-jelinkova,marek-vyborny
andrej-babis,alena-schillerova
tomio-okamura,ivan-david
tomio-okamura,jan-hrncir
tomio-okamura,jaroslav-horak
tomio-okamura,andrej-babis
miroslav-kalousek,andrej-babis
petr-hladik-11,jan-skacel-5
herbert-pavera,milos-zeman
herbert-pavera,vaclav-havel
herbert-pavera,vaclav-klaus
herbert-pavera,vaclav-klaus-2
miroslav-kalousek,andrej-babis
tomio-okamura,jan-maly
tomio-okamura,jaroslav-maly
tomio-okamura,josef-maly
tomio-okamura,milos-maly
tomio-okamura,radim-fiala
tomio-okamura,tatana-mala-2
radek-holomcik,jakub-michalek
tomio-okamura,jiri-kobza-2
miroslav-kalousek,karel-schwarzenberg
tomio-okamura,andrej-babis
tomio-okamura,jan-birke
tomio-okamura,jan-hamacek
tomio-okamura,karel-schwarzenberg
tomio-okamura,lubomir-zaoralek
tomio-okamura,milan-chovanec
tomio-okamura,andrej-babis
tomio-okamura,antonin-stanek
tomio-okamura,pavel-stanek
tomio-okamura,pavel-stanek-1
tomio-okamura,milos-zeman
tomio-okamura,andrej-babis
radek-vondracek,andrej-babis
ondrej-kolar,vaclav-havel
adam-vojtech-1,vaclav-havel
miroslav-kalousek,andrej-babis
petr-fiala,andrej-babis
petr-fiala,lubomir-zaoralek
alena-schillerova,jaromir-soukup
tomio-okamura,andrej-babis
vlastimil-valek,katerina-valachova
andrej-babis,alena-schillerova
tomio-okamura,tomas-zdechovsky
tomio-okamura,andrej-babis
petr-fiala,andrej-babis
tomio-okamura,ivan-david
tomio-okamura,jan-hamacek
vladimir-kremlik,andrej-babis
vladimir-kremlik,richard-brabec
petr-fiala,jan-volny
petr-fiala,jaromir-volny
petr-fiala,lubomir-volny-1
tomio-okamura,ivan-bartos
tomio-okamura,ivan-bartos-11
andrej-babis,milan-hnilicka-4
miroslav-kalousek,mirek-topolanek
sarka-jelinkova,ivo-slavotinek
sarka-jelinkova,marek-vyborny
tomio-okamura,ivan-david
tomio-okamura,andrej-babis
tomio-okamura,andrej-babis
tomio-okamura,andrej-babis
petr-fiala,andrej-babis
tomio-okamura,jan-bauer
tomio-okamura,jaroslav-bauer
tomio-okamura,lucie--safrankova
zdenek-hrib,jiri-pospisil
zdenek-hrib,jiri-pospisil-1
zdenek-hrib,miroslav-kalousek
zdenek-hrib,oliver-pospisil
tomio-okamura,andrej-babis
vladimir-kremlik,vaclav-havel
jan-farsky,karel-schwarzenberg
jan-farsky,vit-rakusan
vlastimil-valek,miroslav-kalousek
tomas-czernin,emilie-triskova-2
tomas-czernin,milan-pour
adam-vojtech-1,andrej-babis
ondrej-kolar,ondrej-kolar-8
alexandra-udzenija,ivan-bartos
alexandra-udzenija,ivan-bartos-11
marek-vyborny,jan-bartosek
marek-vyborny,michaela-sojdrova
marek-vyborny,pavel-belobradek
marek-vyborny,pavel-svoboda
marek-vyborny,pavel-svoboda-1
marek-vyborny,pavel-svoboda-2
marek-vyborny,pavel-svoboda-3
radek-vondracek,ladislav-oklestek
alexandra-udzenija,roman-cely
jan-bartosek,katerina-valachova
jan-bartosek,patrik-nacher
milos-zeman,andrej-babis
milos-zeman,ivan-david
milos-zeman,jan-zahradil
milos-zeman,jan-zahradil-2
milos-zeman,jiri-paroubek
milos-zeman,olga-sehnalova
milos-zeman,olga-sehnalova-1
milos-zeman,pavel-svoboda
milos-zeman,pavel-svoboda-1
milos-zeman,pavel-svoboda-2
milos-zeman,pavel-svoboda-3
marek-vyborny,pavel-belobradek
tomio-okamura,andrej-babis
tomio-okamura,jan-farsky
petr-fiala,andrej-babis
tomio-okamura,petr-dvorak
andrej-babis,alena-schillerova
milos-vystrcil,dana-balcarova-3
vlastimil-valek,ilona-mauritzova
vlastimil-valek,leos-heger
tomas-czernin,miloslav-rozner
tomio-okamura,jan-hamacek
petr-fiala,andrej-babis
tomio-okamura,ondrej-kolar-8
herbert-pavera,andrej-babis
tomio-okamura,ivan-david
tomio-okamura,jan-hrncir
tomio-okamura,jaroslav-horak
petr-fiala,ladislav-chlupac
miroslav-kalousek,milos-krcmar
tomio-okamura,martin-kolovratnik
tomio-okamura,jaromir-soukup
tomio-okamura,mikulas-ferjencik-1
tomio-okamura,andrej-babis
tomio-okamura,martin-kolovratnik
tomio-okamura,miroslav-kalousek
vladimir-kremlik,andrej-babis
tomio-okamura,jan-farsky
radek-rozvoral,miloslav-rozner
petr-fiala,vaclav-klaus
petr-fiala,vaclav-klaus-2
petr-fiala,andrej-babis
petr-fiala,petr-necas
tomio-okamura,tomas-petricek
tomio-okamura,karla-marikova
tomio-okamura,karla-marikova
andrej-babis,jiri-cunek
petr-fiala,andrej-babis
petr-fiala,andrej-babis
jan-hamacek,miroslav-toman
vladimir-kremlik,vaclav-havel
miroslav-kalousek,jaromir-soukup
andrej-babis,jan-hamacek
andrej-babis,milan-hnilicka-4
andrej-babis,vaclav-havel
milos-vystrcil,jaroslav-kubera
jakub-michalek,dominik-feri
tomio-okamura,milos-zeman
jan-hamacek,lubomir-zaoralek
jan-hamacek,milos-zeman
radovan-vich-1,jiri-mihola
radovan-vich-1,pavel-jelinek
tomio-okamura,jan-cizinsky
tomio-okamura,jakub-janda
tomio-okamura,jakub-janda-5
tomio-okamura,jiri-kobza-2
tomio-okamura,ondrej-kolar-8
tomio-okamura,petr-kolar
jan-zahradil,stanislav-kovar
tomio-okamura,milos-zeman
tomio-okamura,vaclav-havel
tomio-okamura,vaclav-klaus
tomio-okamura,vaclav-klaus-2
tomio-okamura,monika-jarosova-6
andrej-babis,milos-zeman
tomio-okamura,jan-hamacek
tomio-okamura,martin-kolovratnik
tomio-okamura,jiri-kobza-2
tomio-okamura,milos-zeman
tomio-okamura,vladimir-franz
tomio-okamura,antonin-stanek
tomio-okamura,pavel-stanek
tomio-okamura,pavel-stanek-1
tomio-okamura,andrej-babis
tomio-okamura,milos-babis
tomio-okamura,milos-zeman
tomio-okamura,vaclav-klaus
tomio-okamura,vaclav-klaus-2
petr-fiala,andrej-babis
andrej-babis,adam-vojtech-1
andrej-babis,alena-schillerova
andrej-babis,ales-juchelka
andrej-babis,dita-charanzova
andrej-babis,ivo-vondrak
andrej-babis,jaromir-novak
andrej-babis,jaroslav-bzoch-1
andrej-babis,jiri-rusnok
andrej-babis,jiri-rusnok-1
andrej-babis,marta-novakova-29
andrej-babis,martina-dlabajova
andrej-babis,petr-dvorak
andrej-babis,petr-vokral
andrej-babis,tomas-macura
andrej-babis,vladimir-dryml
andrej-babis,alena-schillerova
tomio-okamura,benjamin-kuras
tomio-okamura,klara-samkova
tomio-okamura,martin-konvicka
herbert-pavera,miroslav-toman
tomio-okamura,monika-jarosova-6
petr-fiala,andrej-babis
andrej-babis,adam-vojtech-1
andrej-babis,alena-schillerova
andrej-babis,antonin-stanek
andrej-babis,jan-hamacek
andrej-babis,klara-dostalova
andrej-babis,lubomir-chudoba
andrej-babis,marie-benesova
andrej-babis,pavel-belobradek
andrej-babis,pavel-stanek
andrej-babis,pavel-stanek-1
andrej-babis,roman-smucler
alexandra-udzenija,petr-fiala
marek-vyborny,anna-hubackova
vlastimil-valek,ludek-niedermayer
radek-vondracek,jaroslav-kubera
jana-vildumetzova,jaroslav-bradac
petr-silar,marek-vyborny
ondrej-kolar,ondrej-kolar-8
tomio-okamura,milos-zeman
marek-vyborny,andrej-babis
tomio-okamura,daniel-herman
tomio-okamura,miloslav-rozner
andrej-babis,richard-brabec
alena-schillerova,vaclav-havel
zdenek-hrib,jakub-kraus
zdenek-hrib,michal-kraus
zdenek-hrib,petr-kraus-5
dita-charanzova,martina-dlabajova
zdenek-hrib,petr-hlubucek-1
andrej-babis,marie-benesova
andrej-babis,patrik-nacher
tomio-okamura,tomas-petricek
petr-fiala,milos-zeman
tomio-okamura,ivan-david
tomio-okamura,jiri-kobza-2
tomio-okamura,roman-pekarek
marek-vyborny,andrej-babis
vlastimil-valek,marta-kubisova
marek-vyborny,jan-cizinsky
sarka-jelinkova,josef-lux
sarka-jelinkova,marek-vyborny
vladimir-kremlik,stanislav-blaha
petr-fiala,andrej-babis
milos-vystrcil,jan-jarolim
tomio-okamura,lucie--safrankova
tomio-okamura,adam-vojtech-1
zdenek-hrib,andrej-babis
tomio-okamura,karla-marikova
tomio-okamura,karel-schwarzenberg
jan-bartosek,karel-urbanek-10
jan-bartosek,petr-urbanek
milos-zeman,andrej-babis
vladimir-kremlik,jan-klas
andrej-babis,miroslav-toman
ondrej-kolar,ondrej-kolar-8
ondrej-kolar,vaclav-havel
marek-vyborny,jan-bartosek
marek-vyborny,michaela-sojdrova
marek-vyborny,pavel-belobradek
marek-vyborny,pavel-svoboda
marek-vyborny,pavel-svoboda-1
marek-vyborny,pavel-svoboda-2
marek-vyborny,pavel-svoboda-3
tomio-okamura,ivan-david
tomio-okamura,milos-zeman
tomio-okamura,jaromir-soukup
tomio-okamura,milos-zeman
alena-schillerova,adam-vojtech-1
alena-schillerova,jana-malacova
alena-schillerova,marie-benesova
tomio-okamura,zdenek-podal
miroslav-kalousek,andrej-babis
klara-dostalova,jaromir-soukup
tomio-okamura,monika-jarosova-6
ladislav-oklestek,klara-dostalova
tomio-okamura,andrej-babis
tomio-okamura,karel-schwarzenberg
tomio-okamura,miroslav-kalousek
tomio-okamura,petr-fiala
tomio-okamura,vaclav-klaus
tomio-okamura,vaclav-klaus-2
petr-fiala,andrej-babis
tomio-okamura,monika-jarosova-6
tomio-okamura,jan-hamacek
tomio-okamura,lucie--safrankova
milos-zeman,miloslava-vostra
milos-zeman,vojtech-filip
dita-charanzova,richard-brabec
alena-schillerova,vaclav-havel
adam-vojtech-1,martina-dlabajova
tomio-okamura,milos-zeman
jan-hamacek,pavel-poc
tomio-okamura,petr-fiala
tomio-okamura,milos-zeman
radek-vondracek,jan-hamacek
tomio-okamura,andrej-babis
tomio-okamura,milos-zeman
tomio-okamura,vaclav-havel
tomio-okamura,vaclav-klaus
tomio-okamura,vaclav-klaus-2
evzen-tosenovsky,petr-fiala
jana-vildumetzova,klara-dostalova
jan-zahradil,miroslav-kalousek
tomio-okamura,andrej-babis
tomio-okamura,dita-charanzova
tomio-okamura,jan-keller
tomio-okamura,jaromir-kohlicek
tomio-okamura,jaromir-stetina
tomio-okamura,jiri-mastalka
tomio-okamura,jiri-pospisil
tomio-okamura,jiri-pospisil-1
tomio-okamura,katerina-konecna
tomio-okamura,ludek-niedermayer
tomio-okamura,martina-dlabajova
tomio-okamura,michaela-sojdrova
tomio-okamura,miroslav-poche
tomio-okamura,olga-sehnalova
tomio-okamura,olga-sehnalova-1
tomio-okamura,pavel-svoboda
tomio-okamura,pavel-svoboda-1
tomio-okamura,pavel-svoboda-2
tomio-okamura,pavel-svoboda-3
tomio-okamura,pavel-telicka
tomio-okamura,petr-jezek
tomio-okamura,petr-jezek-1
tomio-okamura,stanislav-polcak
tomio-okamura,tomas-zdechovsky
tomio-okamura,viktor-dyk-2
miroslav-kalousek,vaclav-havel
miroslav-kalousek,vaclav-klaus
miroslav-kalousek,vaclav-klaus-2
jan-hamacek,pavel-poc
tomio-okamura,ivan-david
milos-vystrcil,adam-vojtech-1
vladimir-kremlik,vaclav-krasa
tomio-okamura,jan-nemec
tomio-okamura,marta-kubisova
petr-fiala,alena-schillerova
petr-fiala,andrej-babis
tomio-okamura,andrej-babis
tomio-okamura,ivan-bartos
tomio-okamura,ivan-bartos-11
tomio-okamura,jan-farsky
tomio-okamura,marie-benesova
miroslav-kalousek,marie-benesova
sarka-jelinkova,vaclav-havel
petr-silar,marek-vyborny
vladimir-kremlik,alena-schillerova
tomio-okamura,petr-dvorak
jana-vildumetzova,tomas-petricek
marek-vyborny,marta-kubisova
tomio-okamura,andrej-babis
tomio-okamura,ondrej-kolar-8
petr-silar,vaclav-laska
petr-fiala,andrej-babis
tomio-okamura,ivan-david
miroslav-kalousek,milos-zeman
andrej-babis,petr-dvorak
tomio-okamura,karel-schwarzenberg
tomio-okamura,milos-zeman
tomio-okamura,mirek-topolanek
tomio-okamura,vaclav-havel
tomio-okamura,monika-jarosova-6
tomio-okamura,viktor-dyk-2
tomio-okamura,helena-valkova
tomio-okamura,miroslav-kalousek
tomio-okamura,vojtech-pikal
tomio-okamura,milos-zeman
tomio-okamura,andrej-babis
tomio-okamura,jaroslav-foldyna
tomio-okamura,milos-zeman
tomio-okamura,petr-dvorak
radek-vondracek,jaroslav-kubera
miroslav-kalousek,jana-malacova
miroslav-kalousek,jan-hamacek
tomio-okamura,lubomir-volny-1
andrej-babis,jaromir-soukup
vladimir-kremlik,tomas-petricek
alexandra-udzenija,petr-fiala
jan-zahradil,ivo-vondrak
vladimir-kremlik,david-stolpa
petr-fiala,andrej-babis
petr-fiala,andrej-babis
petr-fiala,marta-novakova-29
vlastimil-valek,ludek-niedermayer
jan-hamacek,olga-sehnalova
jan-hamacek,olga-sehnalova-1
jan-hamacek,pavel-poc
marketa-adamova,milos-zeman
tomio-okamura,benjamin-kuras
petr-fiala,andrej-babis
tomio-okamura,ivan-david
tomio-okamura,jan-hrncir
tomio-okamura,jaroslav-horak
tomio-okamura,ivan-david
petr-fiala,andrej-babis
petr-fiala,olga-richterova
andrej-babis,alena-schillerova
adam-vojtech-1,andrej-babis
miroslav-kalousek,vit-rakusan
tomio-okamura,jan-volny
tomio-okamura,jaromir-volny
tomio-okamura,lubomir-volny-1
milos-zeman,ivan-bartos
milos-zeman,ivan-bartos-11
petr-fiala,andrej-babis
tomio-okamura,jan-hamacek
milos-zeman,andrej-babis
tomio-okamura,ivan-bartos
tomio-okamura,ivan-bartos-11
tomio-okamura,radim-fiala
tomio-okamura,jaromir-soukup
andrej-babis,alexandr-novak
andrej-babis,frantisek-novak
andrej-babis,jan-novak
andrej-babis,jaromir-novak
andrej-babis,jaroslav-novak-3
andrej-babis,jaroslav-novak-vecernicek
andrej-babis,jaroslav-novak-vecernicek-1
andrej-babis,jaroslav-novak-vecernicek-2
andrej-babis,jiri-novak
andrej-babis,josef-novak
andrej-babis,josef-novak-107
andrej-babis,libor-novak
andrej-babis,libor-novak-1
andrej-babis,milan-hnilicka-4
andrej-babis,miroslav-novak
andrej-babis,pavel-novak
jan-hamacek,pavel-poc
andrej-babis,marie-benesova
petr-hladik-11,andrej-kiska
andrej-babis,alena-schillerova
andrej-babis,antonin-stanek
andrej-babis,pavel-antonin
andrej-babis,richard-brabec
andrej-babis,tomas-petricek
andrej-babis,vera-jourova
radek-holomcik,dana-balcarova-3
jan-hamacek,jana-malacova
tomio-okamura,jan-hamacek
jan-farsky,martin-puta
jan-farsky,martin-puta-4
petr-fiala,andrej-babis
miroslav-kalousek,ivan-bartos
miroslav-kalousek,ivan-bartos-11
tomio-okamura,ivan-david
tomio-okamura,ivan-david
tomio-okamura,jan-hamacek
tomio-okamura,petr-fiala
tomio-okamura,radim-fiala
tomio-okamura,jan-hamacek
miroslav-kalousek,andrej-babis
zdenek-hrib,petr-hlubucek-1
tomio-okamura,andrej-babis
sarka-jelinkova,tomas-zdechovsky
jana-vildumetzova,klara-dostalova
tomio-okamura,andrej-babis
tomio-okamura,petr-fiala
tomio-okamura,vojtech-pikal
tomio-okamura,jaromir-stetina
miroslav-kalousek,jaroslav-faltynek
tomio-okamura,jan-hamacek
tomio-okamura,andrej-babis
tomio-okamura,daniela-kovarova
tomio-okamura,helena-valkova
vladimir-kremlik,dalibor-zeleny
tomio-okamura,ivan-david
tomio-okamura,jan-hrncir
tomio-okamura,jaroslav-horak
jana-vildumetzova,richard-brabec
marek-vyborny,vaclav-havel
petr-fiala,andrej-babis
martin-kupka,pavel-rychetsky
miroslav-kalousek,tomas-czernin
petr-fiala,andrej-babis
radek-vondracek,alexander-dubcek
tomio-okamura,andrej-babis
tomio-okamura,jan-hamacek
tomio-okamura,mikulas-ferjencik-1
tomio-okamura,petr-fiala
tomio-okamura,vaclav-klaus
tomio-okamura,vaclav-klaus-2
tomio-okamura,zdenek-koudelka
andrej-babis,jaroslava-pokorna-jermanova
andrej-babis,jaroslava-pokorna-jermanova-1
lubomir-metnar,milos-petera
jan-hamacek,olga-sehnalova
jan-hamacek,olga-sehnalova-1
jan-hamacek,pavel-poc
tomio-okamura,ivan-bartos
tomio-okamura,ivan-bartos-11
tomio-okamura,jan-hamacek
miroslav-kalousek,dominik-feri
miroslav-kalousek,marketa-pekarova-1
miroslav-kalousek,tomas-czernin
tomio-okamura,lucie--safrankova
tomio-okamura,jan-hamacek
jan-zahradil,zdenek-ondracek
petr-fiala,robert-kerndl
tomio-okamura,andrej-babis
tomio-okamura,josef-bernard
tomio-okamura,milos-zeman
tomas-czernin,karel-schwarzenberg
zdenek-hrib,jakub-michalek
adam-vojtech-1,klara-dostalova
tomio-okamura,jan-hamacek
miroslav-kalousek,alena-schillerova
radek-holomcik,mikulas-ferjencik-1
zdenek-hrib,adam-vojtech-1
marek-vyborny,jan-bartosek
marek-vyborny,michaela-sojdrova
marek-vyborny,pavel-belobradek
marek-vyborny,pavel-svoboda
marek-vyborny,pavel-svoboda-1
marek-vyborny,pavel-svoboda-2
marek-vyborny,pavel-svoboda-3
petr-fiala,jakub-janda
petr-fiala,jakub-janda-5
miroslav-kalousek,alena-schillerova
marek-vyborny,michaela-sojdrova
marek-vyborny,tomas-zdechovsky
tomio-okamura,jaroslava-nemcova-4
tomio-okamura,milos-zeman
tomio-okamura,miroslava-nemcova
tomio-okamura,tereza-hythova
tomio-okamura,jan-hamacek
petr-fiala,jaroslav-faltynek
petr-fiala,petr-rafaj
milos-vystrcil,marta-novakova-29
tomio-okamura,jan-volny
tomio-okamura,jaromir-volny
tomio-okamura,lubomir-volny-1
tomio-okamura,jan-hrncir
tomio-okamura,vaclav-havel
tomio-okamura,jan-hamacek
miroslav-kalousek,andrej-babis
jan-hamacek,olga-sehnalova
jan-hamacek,olga-sehnalova-1
herbert-pavera,vladimir-remek
jan-hamacek,vaclav-havel
jana-pastuchova,lenka-drazilova
petr-fiala,jan-hamacek
tomio-okamura,andrej-babis
tomio-okamura,milos-zeman
tomio-okamura,alena-schillerova
tomio-okamura,andrej-babis
tomio-okamura,ivan-david
tomio-okamura,milos-zeman
miroslav-kalousek,tomas-czernin
tomio-okamura,milos-zeman
tomio-okamura,ivan-david
radek-vondracek,milos-zeman
tomio-okamura,jaromir-soukup
tomio-okamura,milos-zeman
tomio-okamura,petr-dvorak
andrej-babis,adam-vojtech-1
andrej-babis,alena-schillerova
andrej-babis,michal-frankl
andrej-babis,ph.d.-zdenek
andrej-babis,vaclav-havel
tomio-okamura,andrej-babis
milos-zeman,jiri-behounek
miroslav-kalousek,milos-zeman
petr-fiala,andrej-babis
petr-fiala,vera-jourova
tomio-okamura,ivan-david
tomio-okamura,jan-hrncir
tomio-okamura,jaroslav-horak
marek-vyborny,jan-bartosek
marek-vyborny,michaela-sojdrova
marek-vyborny,pavel-belobradek
marek-vyborny,pavel-svoboda
marek-vyborny,pavel-svoboda-1
marek-vyborny,pavel-svoboda-2
marek-vyborny,pavel-svoboda-3
jan-zahradil,pavel-bratinka
alena-schillerova,frantisek-lukl
zdenek-hrib,petr-hlubucek-1
tomio-okamura,andrej-babis
tomio-okamura,dusan-navratil
tomio-okamura,milos-zeman
tomio-okamura,ivan-david
andrej-babis,alena-schillerova
andrej-babis,antonin-stanek
andrej-babis,michal-horacek
andrej-babis,vera-jourova
zdenek-hrib,jakub-michalek
zdenek-hrib,pavel-kordik
vladimir-kremlik,klara-dostalova
tomio-okamura,miroslava-nemcova
tomio-okamura,karla-marikova
milos-vystrcil,petr-fiala
petr-fiala,andrej-babis
jana-vildumetzova,zdenek-mach
tomio-okamura,petr-fiala
tomio-okamura,ph.d.-zdenek
tomio-okamura,zdenek-ondracek
tomio-okamura,milos-zeman
tomio-okamura,petr-fiala
tomio-okamura,vaclav-klaus
tomio-okamura,vaclav-klaus-2
tomio-okamura,alena-schillerova
tomio-okamura,andrej-babis
petr-fiala,andrej-babis
vladimir-kremlik,andrej-babis
tomio-okamura,ivan-david
tomio-okamura,jan-hrncir
tomio-okamura,jaroslav-horak
zdenek-hrib,hynek-kmonicek
zdenek-hrib,hynek-kmonicek-1
andrej-babis,martin-stropnicky
tomio-okamura,ivan-david
tomio-okamura,stanislav-polcak
marketa-adamova,miroslav-kalousek
petr-fiala,andrej-babis
petr-fiala,jan-hamacek
petr-fiala,tomio-okamura
miroslav-kalousek,michael-kocab
vladimir-kremlik,milos-zeman
tomio-okamura,jan-hrncir
tomio-okamura,andrej-babis
marketa-adamova,petr-kajnar
petr-silar,vaclav-havel
tomio-okamura,jakub-michalek
tomio-okamura,mikulas-peksa
miroslav-kalousek,andrej-babis
zdenek-hrib,petr-hlubucek-1
petr-fiala,robert-kerndl
jana-vildumetzova,milos-zeman
radek-vondracek,jana-pastuchova
tomio-okamura,andrej-babis
tomio-okamura,jan-hamacek
tomio-okamura,lubomir-metnar
tomio-okamura,milan-chovanec
jan-bartosek,pavel-kovacik
tomio-okamura,jan-hamacek
tomio-okamura,pavel-rychetsky
tomio-okamura,ivan-bartos
tomio-okamura,ivan-bartos-11
miroslav-kalousek,marie-benesova
zdenek-hrib,alena-schillerova
tomio-okamura,miroslav-toman
tomio-okamura,karla-marikova
tomio-okamura,karla-marikova
tomio-okamura,ivan-david
milos-vystrcil,jiri-oberfalzer
milos-vystrcil,raduan-nwelati
vlastimil-valek,miroslav-kalousek
andrej-babis,alena-schillerova
andrej-babis,jiri-cunek
andrej-babis,libor-lukas
andrej-babis,petr-hlubucek-1
andrej-babis,venceslav-lukas
andrej-babis,vladimir-dlouhy
andrej-babis,vladimir-dlouhy-1
tomio-okamura,andrej-babis
petr-fiala,andrej-babis
jana-vildumetzova,petr-hromek
tomio-okamura,andrej-babis
alena-schillerova,adam-vojtech-1
radek-vondracek,martin-palous
radek-vondracek,vaclav-havel
ondrej-kolar,jan-foldyna
ondrej-kolar,jaroslav-foldyna
miroslav-kalousek,alena-schillerova
miroslav-kalousek,jiri-kobza-2
miroslav-kalousek,katerina-konecna
miroslav-kalousek,pavel-fischer
petr-fiala,andrej-babis
petr-fiala,andrej-babis
evzen-tosenovsky,jakub-janda
evzen-tosenovsky,jakub-janda-5
tomio-okamura,petr-fiala
marketa-adamova,jaromir-soukup
andrej-babis,adam-vojtech-1
andrej-babis,alena-schillerova
andrej-babis,dan-tok
andrej-babis,eduard-sohlich
andrej-babis,jana-pastuchova
andrej-babis,jan-hamacek
andrej-babis,klara-dostalova
andrej-babis,petr-fiala
andrej-babis,vaclav-krasa
andrej-babis,vit-barta
tomio-okamura,ivan-david
miroslav-kalousek,jan-hamacek
vlastimil-valek,jan-volny
vlastimil-valek,jaromir-volny
vlastimil-valek,lubomir-volny-1
tomio-okamura,jiri-kobza-2
petr-fiala,andrej-babis
petr-fiala,andrej-babis
tomio-okamura,andrej-babis
tomio-okamura,andrej-babis
tomio-okamura,ivan-david
tomio-okamura,jan-hrncir
tomio-okamura,jaroslav-horak
petr-hladik-11,daniel-rychnovsky
tomio-okamura,lucie--safrankova
petr-fiala,andrej-babis
petr-fiala,jan-hamacek
alexandra-udzenija,jan-jarolim
tomio-okamura,frantisek-mares-29
tomio-okamura,milan-richter
tomio-okamura,petr-mares
tomas-czernin,tomio-okamura
tomio-okamura,jan-hamacek
tomio-okamura,jakub-michalek
petr-hladik-11,zdenek-ondracek
vladimir-kremlik,andrej-babis
vladimir-kremlik,frantisek-lukl
tomio-okamura,andrej-babis
tomio-okamura,dita-charanzova
tomio-okamura,jiri-pospisil
tomio-okamura,jiri-pospisil-1
tomio-okamura,katerina-konecna
tomio-okamura,marie-benesova
tomio-okamura,martin-stropnicky
tomio-okamura,matej-stropnicky
tomio-okamura,matej-stropnicky-1
tomio-okamura,oliver-pospisil
tomio-okamura,robert-pelikan
tomio-okamura,karla-marikova
jana-vildumetzova,dalibor-blazek
jan-zahradil,andrej-babis
jan-zahradil,milos-babis
milos-vystrcil,vladimir-novotny
tomio-okamura,monika-jarosova-6
andrej-babis,richard-brabec
petr-fiala,andrej-babis
petr-fiala,andrej-babis
vladimir-kremlik,alena-schillerova
alena-schillerova,jiri-dusek-49
tomio-okamura,andrej-babis
tomio-okamura,milous-jakes
tomio-okamura,ivan-david
radek-vondracek,miroslav-kalousek
tomio-okamura,jiri-kobza-2
tomio-okamura,ondrej-kolar-8
tomio-okamura,milos-zeman
adam-vojtech-1,andrej-babis
tomio-okamura,andrej-babis
petr-fiala,andrej-babis
tomio-okamura,jaroslav-kubera
tomio-okamura,katerina-valachova
tomio-okamura,vojtech-pikal
andrej-babis,adam-vojtech-1
tomio-okamura,jan-zahradil
tomio-okamura,jan-zahradil-2
tomio-okamura,milos-zeman
tomio-okamura,andrej-babis
tomio-okamura,antonin-stanek
tomio-okamura,dan-tok
tomio-okamura,jan-hamacek
tomio-okamura,karla-slechtova
tomio-okamura,martin-stropnicky
tomio-okamura,robert-pelikan
vladimir-kremlik,andrej-babis
martin-kupka,andrej-babis
klara-dostalova,vaclav-krasa
zdenek-hrib,andrej-babis
ondrej-kolar,andrej-babis
ondrej-kolar,jiri-svoboda
ondrej-kolar,jiri-svoboda-304
ondrej-kolar,ondrej-kolar-8
klara-dostalova,jaromir-soukup
tomio-okamura,jan-hamacek
andrej-babis,miroslav-toman
andrej-babis,richard-brabec
tomio-okamura,andrej-babis
radek-vondracek,marek-vyborny
andrej-babis,adam-vojtech-1
andrej-babis,alena-schillerova
andrej-babis,helena-valkova
andrej-babis,klara-dostalova
andrej-babis,marie-benesova
andrej-babis,patrik-nacher
andrej-babis,ph.d.-zdenek
andrej-babis,richard-brabec
andrej-babis,robert-plaga
andrej-babis,vaclav-krasa
herbert-pavera,frantisek-lukl
tomio-okamura,andrej-babis
andrej-babis,richard-brabec
tomio-okamura,jan-hamacek
tomio-okamura,karla-marikova
pavel-nalezeny,andrej-babis
tomio-okamura,martin-baxa
tomio-okamura,petr-fiala
tomio-okamura,vaclav-klaus
tomio-okamura,vaclav-klaus-2
marek-vyborny,michaela-sojdrova
petr-fiala,alena-schillerova
tomio-okamura,andrej-babis
tomio-okamura,petr-fiala
zdenek-hrib,petr-hlubucek-1
tomio-okamura,andrej-babis
marek-vyborny,ph.d.-zdenek
tomio-okamura,andrej-babis
tomio-okamura,vera-jourova
milos-vystrcil,roman-onderka
tomio-okamura,karel-schwarzenberg
miroslav-kalousek,lubomir-zaoralek
ondrej-kolar,ondrej-kolar-8
miroslav-kalousek,jan-hamacek
miroslav-kalousek,milos-zeman
petr-fiala,andrej-babis
tomio-okamura,andrej-babis
andrej-babis,adam-vojtech-1
andrej-babis,alena-schillerova
andrej-babis,frantisek-lukl
andrej-babis,jan-hamacek
andrej-babis,richard-brabec
andrej-babis,vaclav-havel
tomio-okamura,jan-hamacek
tomio-okamura,jan-hamacek
tomio-okamura,andrej-babis
milos-vystrcil,andrej-babis
tomio-okamura,jan-hamacek
miroslav-kalousek,frantisek-nesetril
petr-fiala,andrej-babis
jan-hamacek,petr-vokral
marketa-adamova,andrej-babis
marketa-adamova,milos-babis
tomio-okamura,jan-hamacek
petr-fiala,andrej-babis
radek-holomcik,milos-zeman
tomio-okamura,karla-marikova
miroslav-kalousek,tomas-czernin
tomio-okamura,monika-jarosova-6
petr-fiala,andrej-babis
andrej-babis,vaclav-havel
tomio-okamura,dusan-navratil
tomio-okamura,milos-zeman
radovan-vich-1,ivan-bartos
radovan-vich-1,ivan-bartos-11
andrej-babis,adam-vojtech-1
andrej-babis,alena-schillerova
andrej-babis,klara-dostalova
andrej-babis,lubomir-metnar
andrej-babis,richard-brabec
andrej-babis,vera-adamkova-1
andrej-babis,vladimir-dlouhy
andrej-babis,vladimir-dlouhy-1
tomio-okamura,jiri-pehe
tomio-okamura,karel-schwarzenberg
tomio-okamura,michael-zantovsky
tomio-okamura,daniel-herman
tomio-okamura,petr-fiala
klara-dostalova,martin-vitu
klara-dostalova,radim-fiala
klara-dostalova,vit-rakusan
alena-schillerova,lubomir-metnar
andrej-babis,hynek-kmonicek
andrej-babis,hynek-kmonicek-1
martin-kupka,andrej-babis
tomio-okamura,jakub-michalek
tomio-okamura,mikulas-peksa
tomio-okamura,andrej-babis
tomio-okamura,petr-fiala
tomio-okamura,vojtech-pikal
tomio-okamura,milos-zeman
miroslav-kalousek,ludek-niedermayer
tomio-okamura,jan-hamacek
tomio-okamura,andrej-babis
jana-vildumetzova,milos-zeman
andrej-babis,richard-brabec
petr-fiala,andrej-babis
tomio-okamura,andrej-babis
tomio-okamura,ivan-david
tomio-okamura,jiri-sedivy
tomio-okamura,jiri-sedivy-1
tomio-okamura,milos-zeman
tomio-okamura,vera-jourova
tomio-okamura,jan-hamacek
tomio-okamura,michaela-marksova-tominova
petr-fiala,jan-jarolim
tomio-okamura,petr-dvorak
martin-kupka,karla-slechtova
tomio-okamura,andrej-babis
tomio-okamura,jan-hamacek
tomio-okamura,jan-hrncir
tomio-okamura,jiri-pehe
tomio-okamura,milos-zeman
tomio-okamura,miroslava-nemcova
tomio-okamura,miroslav-kalousek
tomio-okamura,vaclav-havel
tomio-okamura,vaclav-klaus
tomio-okamura,vaclav-klaus-2
tomio-okamura,miroslav-toman
tomas-czernin,vaclav-havel
miroslav-kalousek,andrej-babis
miroslav-kalousek,milos-babis
tomio-okamura,daniel-herman
tomio-okamura,daniel-korte
tomio-okamura,michaela-marksova-tominova
tomio-okamura,pavel-belobradek
tomio-okamura,petr-fiala
jan-jakob,marketa-pekarova-1
tomio-okamura,monika-jarosova-6
andrej-babis,alena-schillerova
andrej-babis,adam-vojtech-1
andrej-babis,alena-schillerova
andrej-babis,jaromir-soukup
andrej-babis,marek-snajdr
andrej-babis,monika-oborna
andrej-babis,patrik-nacher
andrej-babis,pavel-zarecky
andrej-babis,ph.d.-zdenek
andrej-babis,richard-brabec
andrej-babis,robert-pelikan
andrej-babis,svatopluk-nemecek
andrej-babis,vera-jourova
andrej-babis,vit-nemecek
tomio-okamura,ivan-david
tomio-okamura,pavel-jelinek
jakub-michalek,marcel-kolaja
tomio-okamura,ivan-david
tomio-okamura,jan-hrncir
tomio-okamura,jaroslav-horak
tomio-okamura,andrej-babis
tomio-okamura,miroslav-kalousek
milos-vystrcil,petr-holecek
milos-vystrcil,zbynek-linhart
vlastimil-valek,frantisek-vacha
tomio-okamura,alena-gajduskova
tomio-okamura,david-rath
tomio-okamura,ivo-svoboda
tomio-okamura,jaroslav-palas
tomio-okamura,jiri-paroubek
tomio-okamura,michal-kraus
tomio-okamura,petr-zgarba
tomio-okamura,stanislav-gross
vlastimil-valek,vaclav-havel
tomio-okamura,jan-hamacek
miroslav-kalousek,alena-gajduskova
tomio-okamura,jan-volny
tomio-okamura,jaromir-volny
tomio-okamura,klara-samkova
tomio-okamura,lubomir-volny-1
tomio-okamura,jan-hamacek
tomio-okamura,jan-chvojka
jana-vildumetzova,milos-zeman
jan-zahradil,andrej-babis
jan-zahradil,milos-babis
milos-zeman,lubomir-zaoralek
tomio-okamura,andrej-babis
tomio-okamura,jan-hamacek
tomio-okamura,radim-fiala
jan-farsky,vit-rakusan
tomio-okamura,ivan-david
tomio-okamura,jan-hrncir
tomio-okamura,jaroslav-horak
tomio-okamura,jan-hamacek
ondrej-kolar,jiri-ruzicka
tomio-okamura,karel-schwarzenberg
miroslav-kalousek,radek-vondracek
milos-vystrcil,petr-fiala
adam-vojtech-1,lubomir-metnar
zdenek-hrib,andrej-babis
andrej-babis,alena-schillerova
andrej-babis,richard-brabec
miroslav-kalousek,andrej-babis
jana-vildumetzova,andrej-babis
jana-vildumetzova,vladimir-dlouhy
jana-vildumetzova,vladimir-dlouhy-1
tomio-okamura,ivan-david
tomio-okamura,milos-zeman
tomio-okamura,andrej-babis
tomio-okamura,jan-hamacek
tomio-okamura,milos-babis
vlastimil-valek,roman-sklenak
adam-vojtech-1,alena-schillerova
petr-fiala,zdenek-zajicek
vladimir-kremlik,alena-schillerova
vladimir-kremlik,andrej-babis
alexandra-udzenija,jan-zahradil
alexandra-udzenija,jan-zahradil-2
ondrej-kolar,milos-zeman
petr-fiala,alena-schillerova
tomio-okamura,ivan-david
tomio-okamura,jan-hrncir
tomio-okamura,jaroslav-horak
tomio-okamura,ivan-david
tomio-okamura,jan-hrncir
tomio-okamura,jaroslav-horak
tomio-okamura,ivan-david
tomio-okamura,jan-hrncir
tomio-okamura,jaroslav-horak
tomio-okamura,andrej-babis
tomio-okamura,milos-zeman
tomio-okamura,miroslava-nemcova
tomio-okamura,petr-fiala
jan-bartosek,jan-chvojka
jan-bartosek,pavel-kovacik
tomio-okamura,andrej-babis
dita-charanzova,tomas-macura
martin-kupka,alexandr-vondra
martin-kupka,barbora-koranova-1
martin-kupka,zdenek-zajicek
sarka-jelinkova,marek-vyborny
radek-vondracek,milos-zeman
jan-farsky,petr-hejl
tomio-okamura,andrej-babis
tomas-czernin,herbert-pavera
miroslav-kalousek,andrej-babis
radek-vondracek,dita-charanzova
radek-vondracek,martina-dlabajova
marketa-adamova,andrej-babis
tomio-okamura,ivan-david
miroslav-kalousek,marie-benesova
andrej-babis,ivan-havlicek
andrej-babis,jiri-havlicek
andrej-babis,jiri-havlicek-1
andrej-babis,tomas-havlicek
lukas-otys,marketa-pekarova-1
tomio-okamura,radim-fiala
petr-fiala,andrej-babis
ladislav-oklestek,jan-zahradnicek
tomio-okamura,tomas-petricek
miroslav-kalousek,jaroslav-zverina
miroslav-kalousek,tomas-czernin
milos-zeman,jaroslav-tvrdik
milos-zeman,ondrej-kolar-8
ondrej-kolar,jan-lipavsky-2
alexandra-udzenija,petr-fiala
ondrej-kolar,ondrej-kolar-8
tomio-okamura,andrej-babis
tomio-okamura,jiri-hynek
jana-vildumetzova,robert-plaga
petr-fiala,marek-benda
petr-fiala,pavel-zacek
petr-fiala,pavel-zacek-18
tomio-okamura,dan-tok
tomio-okamura,petr-rafaj
petr-silar,marek-vyborny
zdenek-hrib,patrik-nacher
tomio-okamura,eduard-zeman
tomio-okamura,ivan-david
tomio-okamura,vladimir-spidla
marek-vyborny,martin-baxa
martin-kupka,milos-zeman
alena-schillerova,andrej-babis
zdenek-hrib,marcel-kolaja
petr-fiala,andrej-babis
tomio-okamura,adam-vojtech-1
tomio-okamura,lucie--safrankova
tomio-okamura,andrej-babis
marek-vyborny,michaela-sojdrova
marek-vyborny,pavel-svoboda
marek-vyborny,pavel-svoboda-1
marek-vyborny,pavel-svoboda-2
marek-vyborny,pavel-svoboda-3
marek-vyborny,tomas-zdechovsky
tomio-okamura,milos-zeman
petr-fiala,marek-benda
petr-fiala,martin-kupka
vladimir-kremlik,jan-hamacek
andrej-babis,adam-vojtech-1
andrej-babis,alena-schillerova
andrej-babis,klara-dostalova
andrej-babis,martin-kolovratnik
andrej-babis,radek-vondracek
andrej-babis,richard-brabec
tomio-okamura,ivan-langer
tomio-okamura,jan-zahradil
tomio-okamura,jan-zahradil-2
tomio-okamura,petr-fiala
tomio-okamura,vaclav-klaus
tomio-okamura,vaclav-klaus-2
tomio-okamura,zbynek-stanjura
miroslav-kalousek,andrej-babis
andrej-babis,dita-charanzova
andrej-babis,martina-dlabajova
tomio-okamura,monika-jarosova-6
jan-hamacek,tomio-okamura
tomio-okamura,andrej-babis
andrej-babis,jaroslava-pokorna-jermanova
andrej-babis,jaroslava-pokorna-jermanova-1
andrej-babis,milan-hnilicka-4
petr-fiala,andrej-babis
radek-holomcik,anna-hubackova
radek-holomcik,richard-brabec
vladimir-kremlik,andrej-babis
jana-vildumetzova,vera-prochazkova-19
miroslav-kalousek,jaromir-soukup
andrej-babis,alena-schillerova
andrej-babis,lubomir-zaoralek
andrej-babis,richard-brabec
dita-charanzova,jan-zahradil
dita-charanzova,jan-zahradil-2
tomio-okamura,vit-kankovsky
martin-kupka,andrej-babis
andrej-babis,alena-schillerova
andrej-babis,jan-hamacek
andrej-babis,lubomir-metnar
andrej-babis,marta-novakova-29
andrej-babis,petr-fiala
dita-charanzova,richard-brabec
miroslav-kalousek,marek-vyborny
miroslav-kalousek,jiri-janecek
miroslav-kalousek,josef-janecek
miroslav-kalousek,josef-janecek-1
miroslav-kalousek,karel-janecek
miroslav-kalousek,milos-janecek
miroslav-kalousek,alena-schillerova
zdenek-hrib,jakub-michalek
zdenek-hrib,jan-michalek
zdenek-hrib,libor-michalek
miroslav-kalousek,jaromir-soukup
petr-fiala,marek-benda
tomio-okamura,andrej-babis
tomio-okamura,bohuslav-sobotka
tomio-okamura,ivan-bartos
tomio-okamura,ivan-bartos-11
tomio-okamura,jaroslav-foldyna
tomio-okamura,jiri-hynek
tomio-okamura,petr-dvorak
tomio-okamura,vaclav-klaus
tomio-okamura,vaclav-klaus-2
tomio-okamura,vladimir-dlouhy
tomio-okamura,vladimir-dlouhy-1
petr-fiala,alena-schillerova
petr-fiala,andrej-babis
jana-pastuchova,alena-schillerova
radek-vondracek,milos-zeman
sarka-jelinkova,jan-bartosek
sarka-jelinkova,marek-vyborny
sarka-jelinkova,marian-jurecka
sarka-jelinkova,pavel-belobradek
sarka-jelinkova,vit-kankovsky
tomio-okamura,miroslav-toman
tomio-okamura,ivan-bartos
tomio-okamura,ivan-bartos-11
tomio-okamura,andrej-babis
petr-fiala,andrej-babis
vladimir-kremlik,andrej-babis
tomio-okamura,andrej-babis
tomio-okamura,marie-benesova
tomio-okamura,petr-fiala
tomio-okamura,vojtech-pikal
martin-kupka,milos-zeman
miroslav-kalousek,tomas-czernin
tomio-okamura,ondrej-kolar-8
petr-hladik-11,andrej-babis
tomio-okamura,milos-zeman
miroslav-kalousek,petr-necas
petr-fiala,andrej-babis
adam-vojtech-1,josef-belica-2
andrej-babis,vaclav-havel
martin-kupka,andrej-babis
martin-kupka,milos-zeman
andrej-babis,adam-vojtech-1
andrej-babis,alena-schillerova
andrej-babis,antonin-stanek
andrej-babis,jan-hamacek
andrej-babis,milan-chovanec
andrej-babis,miroslav-toman
andrej-babis,pavel-stanek
andrej-babis,pavel-stanek-1
andrej-babis,richard-brabec
andrej-babis,svatopluk-nemecek
andrej-babis,tomas-petricek
tomio-okamura,roman-cely
petr-fiala,milan-uhde
vladimir-kremlik,klara-dostalova
tomio-okamura,andrej-babis
zdenek-hrib,andrej-babis
herbert-pavera,jiri-dusek-49
herbert-pavera,vaclav-hampl
herbert-pavera,zdenek-papousek
tomio-okamura,ivan-david
petr-fiala,andrej-babis
tomio-okamura,karolina-peake
tomio-okamura,miroslav-kalousek
tomio-okamura,petr-necas
tomio-okamura,vaclav-havel
petr-fiala,andrej-babis
tomio-okamura,karla-marikova
tomio-okamura,lubomir-metnar
tomio-okamura,radovan-vich-1
martin-kupka,milos-zeman
michal-pilar-2,marketa-pekarova-1
tomio-okamura,bohuslav-sobotka
tomio-okamura,daniel-hodek
tomio-okamura,david-rath
tomio-okamura,ivo-svoboda
tomio-okamura,jaroslav-palas
tomio-okamura,jiri-paroubek
tomio-okamura,jiri-zimola
tomio-okamura,katerina-valachova
tomio-okamura,michal-kraus
tomio-okamura,miroslav-kalousek
tomio-okamura,petr-podhola
tomio-okamura,petr-zgarba
tomio-okamura,stanislav-gross
tomio-okamura,jan-hrncir
adam-vojtech-1,jaromir-soukup
andrej-babis,alena-schillerova
martin-kupka,andrej-babis
tomio-okamura,katerina-konecna
miroslav-kalousek,tomas-czernin
tomio-okamura,michaela-marksova-tominova
tomio-okamura,petr-fiala
tomio-okamura,ph.d.-zdenek
milos-vystrcil,petr-necas
milos-vystrcil,zdenek-skromach
marek-vyborny,jan-bartosek
marek-vyborny,michaela-sojdrova
marek-vyborny,pavel-belobradek
marek-vyborny,pavel-svoboda
marek-vyborny,pavel-svoboda-1
marek-vyborny,pavel-svoboda-2
marek-vyborny,pavel-svoboda-3
tomio-okamura,vera-jourova
tomas-czernin,radek-koten
andrej-babis,marie-benesova
andrej-babis,milos-zeman
andrej-babis,adam-vojtech-1
andrej-babis,alena-schillerova
andrej-babis,ales-juchelka
andrej-babis,jan-birke
andrej-babis,jiri-rusnok
andrej-babis,jiri-rusnok-1
andrej-babis,klara-dostalova
andrej-babis,martin-kolovratnik
andrej-babis,richard-brabec
marek-vyborny,jan-bartosek
marek-vyborny,michaela-sojdrova
marek-vyborny,pavel-belobradek
marek-vyborny,pavel-svoboda
marek-vyborny,pavel-svoboda-1
marek-vyborny,pavel-svoboda-2
marek-vyborny,pavel-svoboda-3
tomio-okamura,adam-vojtech-1
tomio-okamura,jan-hrncir
zdenek-hrib,andrej-babis
andrej-babis,adam-vojtech-1
tomio-okamura,miroslav-kalousek
vlastimil-valek,andrej-babis
tomio-okamura,ivan-david
tomio-okamura,jan-hrncir
tomio-okamura,jaroslav-horak
tomio-okamura,andrej-babis
tomio-okamura,dan-tok
petr-fiala,milos-zeman
tomio-okamura,jan-hamacek
petr-fiala,andrej-babis
sarka-jelinkova,michaela-sojdrova
sarka-jelinkova,tomas-zdechovsky
tomio-okamura,jan-hamacek
tomio-okamura,radim-fiala
alena-schillerova,miroslav-kalousek
tomio-okamura,dita-charanzova
tomio-okamura,jan-keller
tomio-okamura,jaromir-kohlicek
tomio-okamura,jaromir-stetina
tomio-okamura,jiri-mastalka
tomio-okamura,jiri-pospisil
tomio-okamura,jiri-pospisil-1
tomio-okamura,katerina-konecna
tomio-okamura,ludek-niedermayer
tomio-okamura,martina-dlabajova
tomio-okamura,michaela-sojdrova
tomio-okamura,miroslav-poche
tomio-okamura,olga-sehnalova
tomio-okamura,olga-sehnalova-1
tomio-okamura,pavel-svoboda
tomio-okamura,pavel-svoboda-1
tomio-okamura,pavel-svoboda-2
tomio-okamura,pavel-svoboda-3
tomio-okamura,pavel-telicka
tomio-okamura,petr-jezek
tomio-okamura,petr-jezek-1
tomio-okamura,stanislav-polcak
tomio-okamura,tomas-zdechovsky
tomio-okamura,jan-hamacek
tomio-okamura,ivan-david
tomio-okamura,jan-hrncir
tomio-okamura,jaroslav-horak
alena-schillerova,zdenek-juracka
andrej-babis,adam-vojtech-1
andrej-babis,alena-schillerova
andrej-babis,dita-charanzova
andrej-babis,jiri-stepan
andrej-babis,martina-dlabajova
andrej-babis,miroslav-toman
tomas-czernin,miloslav-rozner
sarka-jelinkova,marek-vyborny
ondrej-kolar,jaromir-soukup
tomio-okamura,antonin-stanek
tomio-okamura,petr-dvorak
petr-fiala,vit-rakusan
martin-kupka,andrej-babis
petr-fiala,andrej-babis
petr-fiala,vaclav-klaus
petr-fiala,vaclav-klaus-2
miroslav-kalousek,ludek-niedermayer
milos-zeman,andrej-babis
alena-schillerova,adam-vojtech-1
jana-vildumetzova,dan-tok
petr-fiala,andrej-babis
tomio-okamura,ivan-david
marketa-adamova,jaroslav-kubera
marketa-adamova,milos-zeman
tomio-okamura,andrej-babis
tomio-okamura,marie-benesova
tomio-okamura,petr-fiala
tomio-okamura,vojtech-pikal
andrej-babis,richard-brabec
tomio-okamura,karla-marikova
tomio-okamura,bohuslav-sobotka
tomio-okamura,jan-kostrhun
tomio-okamura,lubomir-zaoralek
tomio-okamura,milos-zeman
petr-fiala,andrej-babis
milos-vystrcil,jaroslav-kubera
milos-zeman,andrej-babis
milos-zeman,vojtech-munzar
tomio-okamura,milos-zeman
tomio-okamura,ilona-svihlikova
andrej-babis,alena-schillerova
tomio-okamura,andrej-babis
tomio-okamura,ivan-david
tomio-okamura,jan-hrncir
tomio-okamura,jaroslav-horak
tomio-okamura,andrej-babis
andrej-babis,milos-zeman
sarka-jelinkova,jiri-stepan
sarka-jelinkova,miroslav-stepan-25
alexandra-udzenija,roman-cely
radek-vondracek,vaclav-klaus
radek-vondracek,vaclav-klaus-2
radek-holomcik,andrej-babis
radek-holomcik,jiri-vitek
radek-holomcik,jiri-vitek-56
jana-vildumetzova,adam-vojtech-1
jana-vildumetzova,andrej-babis
petr-fiala,andrej-babis
milos-vystrcil,jaroslav-kubera
tomio-okamura,marek-cernoch
tomio-okamura,pavel-belobradek
tomio-okamura,andrej-babis
tomio-okamura,milos-babis
tomio-okamura,petr-dvorak
tomio-okamura,jan-hamacek
tomio-okamura,ivan-david
tomio-okamura,karel-schwarzenberg
tomio-okamura,milos-zeman
tomio-okamura,mirek-topolanek
tomio-okamura,vaclav-havel
tomio-okamura,miroslava-nemcova
tomio-okamura,petr-necas
tomio-okamura,radim-fiala
tomio-okamura,jiri-mihola
marketa-adamova,milos-zeman
jana-pastuchova,david-prazak-5
milos-zeman,jiri-behounek
milos-zeman,jiri-zimola
tomio-okamura,miroslav-kalousek
tomio-okamura,petr-fiala
tomio-okamura,petr-necas
tomio-okamura,martin-kupka
marek-vyborny,ivan-bartos
marek-vyborny,ivan-bartos-11
andrej-babis,jaroslava-pokorna-jermanova
andrej-babis,jaroslava-pokorna-jermanova-1
ondrej-kolar,jan-lipavsky-2
ondrej-kolar,ondrej-kolar-8
andrej-babis,dita-charanzova
andrej-babis,martina-dlabajova
tomio-okamura,ivan-david
tomio-okamura,jan-hrncir
tomio-okamura,jaromir-soukup
tomio-okamura,jaroslav-horak
tomio-okamura,bohuslav-sobotka
tomio-okamura,daniel-hodek
tomio-okamura,david-rath
tomio-okamura,ivo-svoboda
tomio-okamura,jan-hamacek
tomio-okamura,jaroslav-palas
tomio-okamura,jiri-paroubek
tomio-okamura,jiri-zimola
tomio-okamura,katerina-valachova
tomio-okamura,michal-kraus
tomio-okamura,miroslav-kalousek
tomio-okamura,petr-podhola
tomio-okamura,petr-zgarba
tomio-okamura,stanislav-gross
andrej-babis,vaclav-havel
milos-vystrcil,andrej-babis
milos-vystrcil,milos-zeman
andrej-babis,richard-brabec
radek-vondracek,andrej-babis
petr-fiala,vaclav-havel
tomio-okamura,jan-hamacek
tomio-okamura,tomas-petricek
tomio-okamura,jan-hamacek
tomio-okamura,andrej-babis
milos-zeman,andrej-babis
milos-zeman,jan-hamacek
tomio-okamura,ondrej-kolar-8
tomio-okamura,jan-hamacek
tomio-okamura,lucie--safrankova
tomio-okamura,ivan-david
miroslav-kalousek,milos-zeman
tomio-okamura,andrej-babis
jan-hamacek,tomio-okamura
jan-hamacek,frantisek-lukl
tomio-okamura,ivan-david
tomio-okamura,jan-hrncir
tomio-okamura,jaroslav-horak
adam-vojtech-1,vera-jourova
tomio-okamura,andrej-babis
tomio-okamura,ivan-david
tomio-okamura,jan-hamacek
tomio-okamura,radim-fiala
tomio-okamura,karla-marikova
tomio-okamura,petr-dolinek
tomio-okamura,petr-dvorak
tomio-okamura,ivo-vasicek
tomio-okamura,marcel-kolaja
tomio-okamura,marketa-gregorova-4
tomio-okamura,andrej-babis
tomio-okamura,andrej-babis
tomio-okamura,marie-benesova
tomio-okamura,robert-pelikan
tomas-czernin,karel-schwarzenberg
martin-kupka,andrej-babis
tomio-okamura,jaromir-soukup
zdenek-hrib,andrej-kiska
radek-holomcik,ondrej-polansky
petr-fiala,antonin-stanek
petr-fiala,pavel-stanek
petr-fiala,pavel-stanek-1
milos-vystrcil,ivo-valenta
tomio-okamura,alena-schillerova
vladimir-kremlik,petr-necas
vladimir-kremlik,zbynek-stanjura
miroslav-kalousek,martin-stropnicky
tomio-okamura,rudolf-salvetr
tomio-okamura,milos-zeman
petr-fiala,andrej-babis
andrej-babis,jiri-cunek
jaroslava-jermanova,jaroslava-pokorna-jermanova
jaroslava-jermanova,jaroslava-pokorna-jermanova-1
marketa-adamova,andrej-babis
radek-holomcik,margita-balastikova
radek-holomcik,ondrej-polansky
tomio-okamura,ondrej-vesely
andrej-babis,martina-dlabajova
miroslav-kalousek,alena-schillerova
miroslav-kalousek,tomas-czernin
tomio-okamura,andrej-babis
tomio-okamura,jakub-janda
tomio-okamura,jakub-janda-5
tomio-okamura,jan-volny
tomio-okamura,jaromir-volny
tomio-okamura,lubomir-volny-1
tomio-okamura,milos-zeman
martin-kupka,lubomir-zaoralek
tomas-czernin,ludek-niedermayer
martin-kupka,milos-zeman
tomio-okamura,jan-hamacek
ondrej-kolar,ondrej-kolar-8
tomio-okamura,petr-dvorak
tomio-okamura,andrej-babis
tomio-okamura,miroslav-poche
tomio-okamura,tomas-petricek
tomio-okamura,andrej-babis
tomio-okamura,jan-hamacek
andrej-babis,vaclav-havel
andrej-babis,pavel-hubeny
vlastimil-valek,jan-foldyna
vlastimil-valek,jaroslav-foldyna
martin-kupka,veronika-vrecionova
tomio-okamura,dita-charanzova
tomio-okamura,jan-keller
tomio-okamura,jaromir-kohlicek
tomio-okamura,jaromir-stetina
tomio-okamura,jiri-mastalka
tomio-okamura,jiri-pospisil
tomio-okamura,jiri-pospisil-1
tomio-okamura,katerina-konecna
tomio-okamura,ludek-niedermayer
tomio-okamura,martina-dlabajova
tomio-okamura,michaela-sojdrova
tomio-okamura,miroslav-poche
tomio-okamura,olga-sehnalova
tomio-okamura,olga-sehnalova-1
tomio-okamura,pavel-svoboda
tomio-okamura,pavel-svoboda-1
tomio-okamura,pavel-svoboda-2
tomio-okamura,pavel-svoboda-3
tomio-okamura,pavel-telicka
tomio-okamura,petr-jezek
tomio-okamura,petr-jezek-1
tomio-okamura,stanislav-polcak
tomio-okamura,tomas-zdechovsky
adam-vojtech-1,ivo-vondrak
jana-pastuchova,adam-vojtech-1
jana-pastuchova,martin-puta
jana-pastuchova,martin-puta-4
milos-zeman,lubomir-zaoralek
milos-zeman,lubos-novy
petr-fiala,andrej-babis
tomio-okamura,ivan-david
tomio-okamura,karla-marikova
miroslav-kalousek,jiri-pospisil
miroslav-kalousek,jiri-pospisil-1
miroslav-kalousek,ludek-niedermayer
miroslav-kalousek,stanislav-polcak
tomio-okamura,milos-zeman
vladimir-kremlik,monika-oborna
miroslav-kalousek,andrej-babis
tomio-okamura,alena-schillerova
jan-farsky,vit-rakusan
tomio-okamura,ivan-david
tomio-okamura,miloslav-rozner
andrej-babis,dita-charanzova
andrej-babis,vera-jourova
tomio-okamura,andrej-babis
petr-fiala,andrej-babis
vladimir-kremlik,dalibor-zeleny
tomio-okamura,alena-schillerova
milos-vystrcil,jaroslav-kubera
petr-fiala,andrej-babis
tomio-okamura,andrej-babis
tomio-okamura,dita-charanzova
tomio-okamura,martina-dlabajova
tomio-okamura,pavel-telicka
tomio-okamura,petr-jezek
tomio-okamura,petr-jezek-1
marek-vyborny,antonin-stanek
tomio-okamura,dan-tok
tomio-okamura,andrej-babis
tomio-okamura,monika-jarosova-6
petr-vokral,bohumil-simek
tomio-okamura,andrej-babis
tomio-okamura,milos-zeman
petr-fiala,andrej-babis
petr-fiala,tomas-petricek
petr-fiala,zdenek-ondracek
zdenek-hrib,petr-hlubucek-1
sarka-jelinkova,renata-chmelova
zdenek-hrib,jan-wolf
zdenek-hrib,jan-wolf-2
zdenek-hrib,petr-wolf
andrej-babis,richard-brabec
tomio-okamura,karla-marikova
tomio-okamura,jakub-michalek
tomio-okamura,adam-vojtech-1
tomio-okamura,svatopluk-nemecek
tomio-okamura,vit-kankovsky
tomio-okamura,vit-nemecek
andrej-babis,ludvik-hovorka
andrej-babis,marta-novakova-29
andrej-babis,tomas-petricek
zdenek-hrib,jaroslava-pokorna-jermanova
zdenek-hrib,jaroslava-pokorna-jermanova-1
petr-fiala,andrej-babis
petr-fiala,milos-babis
milos-vystrcil,andrej-babis
tomio-okamura,jakub-janda
tomio-okamura,jakub-janda-5
milos-vystrcil,jana-fischerova
andrej-babis,patrik-nacher
andrej-babis,vaclav-havel
jan-farsky,filip-sedlak
andrej-babis,adam-vojtech-1
andrej-babis,alena-schillerova
andrej-babis,jiri-pospisil
andrej-babis,jiri-pospisil-1
andrej-babis,klara-dostalova
andrej-babis,richard-brabec
andrej-babis,vera-jourova
milos-vystrcil,marian-jurecka
tomio-okamura,ivan-david
tomio-okamura,jan-hrncir
tomio-okamura,jaromir-stetina
tomio-okamura,jaroslav-horak
tomio-okamura,katerina-konecna
miroslav-kalousek,zdenek-ondracek
tomio-okamura,milos-zeman
andrej-babis,antonin-machacek
andrej-babis,jiri-machacek
andrej-babis,zdenek-zajicek
petr-fiala,andrej-babis
petr-fiala,milos-babis
radek-holomcik,jiri-mihola
radek-holomcik,libor-lukas
radek-holomcik,venceslav-lukas
tomio-okamura,andrej-babis
tomio-okamura,jan-hamacek
tomio-okamura,milos-babis
tomio-okamura,vera-jourova
herbert-pavera,jaroslav-kubera
miroslav-kalousek,tomas-czernin
miroslav-kalousek,tomio-okamura
tomas-czernin,marketa-pekarova-1
tomio-okamura,petr-dvorak
tomio-okamura,lucie--safrankova
vladimir-kremlik,vaclav-krasa
tomio-okamura,karla-marikova
martin-kupka,zdenek-zajicek
miroslav-kalousek,alena-schillerova
tomio-okamura,andrej-babis
tomio-okamura,zbynek-stanjura
tomio-okamura,andrej-babis
tomio-okamura,andrej-babis
tomio-okamura,ivan-david
tomio-okamura,pavel-telicka
petr-fiala,andrej-babis
miroslav-kalousek,andrej-babis
adam-vojtech-1,lubomir-chudoba
vlastimil-valek,jan-masaryk-4
vlastimil-valek,pavel-tigrid
radek-vondracek,lubomir-metnar
petr-fiala,stanislav-nemec
tomio-okamura,michal-hasek
tomio-okamura,milos-zeman
tomio-okamura,miroslav-poche
tomio-okamura,vaclav-havel
tomio-okamura,vaclav-laska
tomio-okamura,jan-bauer
tomio-okamura,jaroslav-bauer
tomio-okamura,lucie--safrankova
zdenek-hrib,lubomir-zaoralek
zdenek-hrib,petr-hlubucek-1
petr-fiala,andrej-babis
tomio-okamura,andrej-babis
milos-vystrcil,andrej-babis
sarka-jelinkova,marek-vyborny
tomio-okamura,andrej-babis
miroslav-kalousek,tomas-czernin
miroslav-kalousek,vaclav-havel
tomio-okamura,karel-schwarzenberg
tomio-okamura,mirek-topolanek
tomio-okamura,vaclav-havel
marketa-adamova,vaclav-havel
petr-silar,marek-vyborny
ladislav-oklestek,radim-srsen
tomio-okamura,ivan-david
tomio-okamura,jan-hrncir
tomio-okamura,jaroslav-horak
tomio-okamura,andrej-babis
tomio-okamura,dita-charanzova
tomio-okamura,vera-jourova
tomio-okamura,andrej-babis
tomio-okamura,daniela-kovarova
tomio-okamura,helena-valkova
miroslav-kalousek,milos-zeman
tomio-okamura,ivan-david
tomio-okamura,marcel-kolaja
tomio-okamura,marketa-gregorova-4
tomio-okamura,mikulas-peksa
tomio-okamura,ivan-david
tomio-okamura,karla-marikova
tomio-okamura,ivan-david
martin-kupka,marek-benda
martin-kupka,veronika-vrecionova
petr-fiala,andrej-babis
jan-farsky,karel-schwarzenberg
jan-farsky,vit-rakusan
tomio-okamura,andrej-babis
petr-fiala,jan-hamacek
vladimir-kremlik,klara-dostalova
tomio-okamura,andrej-babis
miroslav-kalousek,andrej-babis
vlastimil-valek,marta-semelova
vlastimil-valek,petr-simunek
petr-fiala,jan-jarolim
tomio-okamura,ivan-bartos
tomio-okamura,ivan-bartos-11
tomio-okamura,vojtech-pikal
tomio-okamura,karla-marikova
tomio-okamura,jan-hamacek
petr-fiala,andrej-babis
jan-zahradil,petr-cibulka
tomio-okamura,lubomir-volny-1
tomio-okamura,radim-fiala
miroslav-kalousek,andrej-babis
jan-hamacek,tomio-okamura
tomio-okamura,ivan-bartos
tomio-okamura,ivan-bartos-11
tomio-okamura,ivan-bartos
tomio-okamura,ivan-bartos-11
tomio-okamura,petr-fiala
tomio-okamura,ivan-david
tomio-okamura,jan-hrncir
tomio-okamura,jaroslav-horak
tomio-okamura,andrej-babis
tomio-okamura,milos-babis
tomio-okamura,tereza-hythova
petr-fiala,marie-benesova
alena-schillerova,zdenek-juracka
sarka-jelinkova,tomas-zdechovsky
tomio-okamura,zdenek-koudelka
petr-fiala,andrej-babis
petr-fiala,milos-zeman
tomio-okamura,andrej-babis
tomio-okamura,jaroslav-foldyna
tomio-okamura,vaclav-klaus
tomio-okamura,vaclav-klaus-2
tomio-okamura,vera-jourova
petr-fiala,andrej-babis
zdenek-hrib,lubomir-zaoralek
zdenek-hrib,petr-hlubucek-1
andrej-babis,alena-schillerova
zdenek-hrib,petr-hlubucek-1
petr-fiala,andrej-babis
petr-fiala,marie-benesova
petr-fiala,milos-zeman
tomio-okamura,andrej-babis
tomio-okamura,daniel-herman
tomio-okamura,daniel-korte
tomio-okamura,michaela-marksova-tominova
tomio-okamura,pavel-belobradek
tomio-okamura,petr-fiala
tomio-okamura,jaromir-soukup
ondrej-kolar,ondrej-kolar-8
vlastimil-valek,mikulas-ferjencik-1
vlastimil-valek,radek-holomcik
adam-vojtech-1,vera-jourova
tomio-okamura,dan-tok
tomas-czernin,ondrej-kolar-8
tomas-czernin,tomas-petricek
radek-vondracek,jaroslav-kubera
tomio-okamura,ivan-david
jan-hamacek,roman-onderka
petr-fiala,andrej-babis
tomio-okamura,martin-baxa
tomio-okamura,petr-fiala
tomio-okamura,vaclav-klaus
tomio-okamura,vaclav-klaus-2
tomio-okamura,zbynek-stanjura
tomio-okamura,alena-schillerova
tomio-okamura,andrej-babis
tomio-okamura,stanislav-polcak
andrej-babis,adam-vojtech-1
andrej-babis,alena-schillerova
andrej-babis,jakub-michalek
andrej-babis,jan-hamacek
andrej-babis,jan-michalek
andrej-babis,klara-dostalova
andrej-babis,libor-michalek
andrej-babis,lubomir-metnar
andrej-babis,marie-benesova
andrej-babis,milan-hnilicka-4
andrej-babis,patrik-nacher
andrej-babis,petr-bursik
andrej-babis,petr-wolf
andrej-babis,richard-brabec
andrej-babis,vera-jourova
andrej-babis,vit-barta
andrej-babis,dita-charanzova
jana-pastuchova,hana-aulicka-3
jana-pastuchova,hana-aulicka-jirovcova
petr-fiala,andrej-babis
milos-vystrcil,stanislav-grospic
martin-kupka,andrej-babis
tomio-okamura,ivan-bartos
tomio-okamura,ivan-bartos-11
tomio-okamura,jaromir-soukup
petr-fiala,andrej-babis
tomio-okamura,andrej-babis
tomio-okamura,tomas-petricek
milos-zeman,andrej-babis
vladimir-kremlik,andrej-babis
tomio-okamura,tereza-hythova
marek-vyborny,andrej-babis
tomio-okamura,milos-zeman
tomio-okamura,vaclav-havel
tomio-okamura,karel-schwarzenberg
andrej-babis,ph.d.-zdenek
tomio-okamura,radovan-vich-1
zdenek-hrib,albert-cerny-1
zdenek-hrib,alexander-cerny
zdenek-hrib,karel-cerny
zdenek-hrib,petr-cerny
jan-farsky,filip-sedlak
tomio-okamura,jiri-hynek
tomio-okamura,petr-dvorak
tomio-okamura,jan-zahradil
tomio-okamura,jan-zahradil-2
tomio-okamura,petr-fiala
tomio-okamura,zbynek-stanjura
petr-fiala,andrej-babis
petr-fiala,vera-jourova
petr-fiala,andrej-babis
milos-zeman,andrej-babis
sarka-jelinkova,marek-vyborny
milos-zeman,jan-hamacek
milos-zeman,karel-schwarzenberg
vlastimil-valek,tomas-czernin
petr-fiala,andrej-babis
tomio-okamura,andrej-babis
tomio-okamura,dita-charanzova
tomio-okamura,jan-hamacek
tomio-okamura,martina-dlabajova
tomio-okamura,pavel-telicka
tomio-okamura,petr-jezek
tomio-okamura,petr-jezek-1
ondrej-kolar,andrej-babis
tomio-okamura,lucie--safrankova
vlastimil-valek,andrej-babis
adam-vojtech-1,vera-jourova
tomio-okamura,ivan-david
tomio-okamura,jan-hrncir
tomio-okamura,jaroslav-horak
tomio-okamura,ivan-david
tomio-okamura,jan-hrncir
tomio-okamura,jaroslav-horak
petr-fiala,andrej-babis
tomio-okamura,milos-zeman
tomio-okamura,vladimir-franz
tomio-okamura,karla-marikova
tomio-okamura,karla-marikova
andrej-babis,vaclav-krasa
miroslav-kalousek,jiri-pospisil
miroslav-kalousek,jiri-pospisil-1
miroslav-kalousek,marketa-pekarova-1
miroslav-kalousek,tomas-czernin
tomas-czernin,vaclav-klaus
tomas-czernin,vaclav-klaus-2
jan-jakob,jan-rakusan
jan-jakob,vit-rakusan
petr-fiala,jiri-kulhanek
petr-fiala,jitka-synkova
sarka-jelinkova,marek-vyborny
miroslav-kalousek,tomas-czernin
tomio-okamura,bohdan-dvorak
tomio-okamura,filip-dvorak
tomio-okamura,jaroslav-dvorak
tomio-okamura,jaroslav-dvorak-110
tomio-okamura,jindrich-dvorak-21
tomio-okamura,josef-dvorak
tomio-okamura,lubomir-spanel-1
tomio-okamura,lubos-dvorak
tomio-okamura,martin-dvorak
tomio-okamura,martin-dvorak-1
tomio-okamura,michal-dvorak
tomio-okamura,nora-dvorak
tomio-okamura,patrik-nacher
tomio-okamura,petr-dvorak
tomio-okamura,zbynek-stanjura
jan-farsky,martin-puta
jan-farsky,martin-puta-4
miroslav-kalousek,milos-zeman
adam-vojtech-1,alena-schillerova
petr-fiala,jana-malacova
tomio-okamura,andrej-babis
adam-vojtech-1,jiri-dort
andrej-babis,adam-vojtech-1
andrej-babis,alena-schillerova
andrej-babis,marie-benesova
andrej-babis,milan-hnilicka-4
andrej-babis,miloslav-janulik
andrej-babis,patrik-nacher
andrej-babis,petr-sadovsky-4
andrej-babis,richard-brabec
tomio-okamura,andrej-babis
marketa-adamova,pavel-tigrid
alena-schillerova,andrej-babis
tomio-okamura,jan-hamacek
tomio-okamura,alena-schillerova
alexandra-udzenija,andrej-babis
alexandra-udzenija,petr-fiala
miroslav-kalousek,ludek-niedermayer
tomio-okamura,miroslav-kalousek
jan-farsky,marek-pieter
jan-farsky,martin-puta
jan-farsky,martin-puta-4
jan-zahradil,roman-hanak
tomio-okamura,viktor-dyk-2
tomio-okamura,andrej-babis
tomio-okamura,jan-hamacek
tomio-okamura,lubomir-zaoralek
tomio-okamura,ondrej-vesely
tomas-czernin,marie-benesova
tomio-okamura,dominik-feri
petr-fiala,andrej-babis
jan-bartosek,radka-maxova
petr-fiala,andrej-babis
tomio-okamura,andrej-babis
tomio-okamura,tomas-petricek
tomio-okamura,ivan-david
alena-schillerova,richard-brabec
radek-vondracek,milos-zeman
radek-holomcik,anna-hubackova
radovan-vich-1,milos-zeman
petr-fiala,andrej-babis
tomio-okamura,andrej-babis
tomio-okamura,frantisek-bartos
tomio-okamura,ivan-bartos
tomio-okamura,ivan-bartos-11
tomio-okamura,jaroslav-bartos
tomio-okamura,milos-babis
tomio-okamura,vladimir-bartos
tomio-okamura,walter-bartos
tomio-okamura,pavel-fischer
tomio-okamura,daniel-herman
tomio-okamura,daniel-korte
tomio-okamura,pavel-belobradek
tomio-okamura,petr-fiala
tomio-okamura,tomas-jan-podivinsky
tomio-okamura,bohuslav-sobotka
tomio-okamura,daniel-hodek
tomio-okamura,david-rath
tomio-okamura,ivo-svoboda
tomio-okamura,jan-hamacek
tomio-okamura,jaroslav-palas
tomio-okamura,jiri-paroubek
tomio-okamura,jiri-zimola
tomio-okamura,katerina-valachova
tomio-okamura,michal-kraus
tomio-okamura,miroslav-kalousek
tomio-okamura,petr-podhola
tomio-okamura,petr-zgarba
tomio-okamura,stanislav-gross
tomio-okamura,ivan-david
alexandra-udzenija,jan-jarolim
radek-vondracek,jaroslav-kubera
vlastimil-valek,jiri-perina
alena-schillerova,jaromir-soukup
vladimir-kremlik,jiri-svoboda
vladimir-kremlik,jiri-svoboda-304
andrej-babis,alena-schillerova
andrej-babis,miroslav-toman
andrej-babis,richard-brabec
tomio-okamura,andrej-babis
radek-vondracek,vaclav-havel
martin-kupka,jan-volny
martin-kupka,jaromir-volny
martin-kupka,lubomir-volny-1
tomio-okamura,miroslav-kalousek
petr-fiala,andrej-babis
marek-vyborny,vaclav-havel
vladimir-kremlik,vaclav-havel
jana-pastuchova,helena-valkova
tomio-okamura,karel-schwarzenberg
tomio-okamura,miroslav-kalousek
tomio-okamura,andrej-babis
tomio-okamura,andrej-babis
tomio-okamura,dita-charanzova
tomio-okamura,jan-hamacek
tomio-okamura,martina-dlabajova
tomio-okamura,pavel-telicka
tomio-okamura,petr-jezek
tomio-okamura,petr-jezek-1
ondrej-kolar,ondrej-kolar-8
tomio-okamura,ivan-david
tomio-okamura,andrej-babis
tomio-okamura,dita-charanzova
tomio-okamura,martina-dlabajova
tomio-okamura,pavel-telicka
tomio-okamura,petr-jezek
tomio-okamura,petr-jezek-1
alena-schillerova,andrej-babis
tomio-okamura,viktor-dyk-2
tomio-okamura,tomas-petricek
adam-vojtech-1,andrej-babis
andrej-babis,tomas-petricek
andrej-babis,vaclav-havel
andrej-babis,vaclav-klaus
andrej-babis,vaclav-klaus-2
petr-fiala,andrej-babis
andrej-babis,alena-schillerova
andrej-babis,klara-dostalova
andrej-babis,richard-brabec
marek-vyborny,josef-lux
tomio-okamura,petr-dolinek
marketa-adamova,ludek-niedermayer
andrej-babis,milos-zeman
tomio-okamura,jiri-vorlicek
tomio-okamura,zdenek-vorlicek
petr-fiala,andrej-babis
petr-fiala,milos-babis
andrej-babis,adam-vojtech-1
andrej-babis,alena-schillerova
andrej-babis,richard-brabec
zdenek-hrib,vojtech-filip
zdenek-hrib,zdenek-ondracek
miroslav-kalousek,ivan-pilip
petr-fiala,andrej-babis
petr-fiala,jan-hamacek
andrej-babis,adam-vojtech-1
andrej-babis,alena-schillerova
andrej-babis,antonin-stanek
andrej-babis,dita-charanzova
andrej-babis,marcel-kolaja
andrej-babis,martina-dlabajova
andrej-babis,milan-hnilicka-4
andrej-babis,milos-kuzvart
andrej-babis,oldrich-bubenicek
andrej-babis,pavel-antonin
andrej-babis,pavel-telicka
andrej-babis,richard-brabec
andrej-babis,stefan-fule
andrej-babis,vera-jourova
andrej-babis,vladimir-spidla
tomio-okamura,ondrej-kolar-8
alena-schillerova,robert-plaga
zdenek-hrib,petr-hlubucek-1
petr-hladik-11,zdenek-ondracek
sarka-jelinkova,jan-bartosek
tomio-okamura,andrej-babis
tomio-okamura,katerina-konecna
miroslav-kalousek,andrej-babis
miroslav-kalousek,milos-zeman
vladimir-kremlik,petr-rafaj
andrej-babis,dita-charanzova
andrej-babis,martina-dlabajova
zdenek-hrib,petr-hlubucek-1
jana-pastuchova,jitka-volfova
klara-dostalova,milos-zeman
alena-schillerova,adam-vojtech-1
marek-vyborny,jan-rakusan
marek-vyborny,vit-rakusan
tomio-okamura,andrej-babis
vladimir-kremlik,jiri-behounek
jana-vildumetzova,milos-zeman
sarka-jelinkova,marek-vyborny
tomio-okamura,andrej-babis
petr-fiala,vaclav-havel
andrej-babis,libor-secka
alena-schillerova,andrej-babis
tomio-okamura,jaromir-soukup
andrej-babis,patrik-nacher
tomio-okamura,andrej-babis
sarka-jelinkova,milos-zeman
herbert-pavera,milos-zeman
miroslav-kalousek,karel-schwarzenberg
miroslav-kalousek,vaclav-havel
tomio-okamura,ivan-david
tomio-okamura,andrej-babis
tomio-okamura,dita-charanzova
tomio-okamura,martina-dlabajova
tomio-okamura,pavel-telicka
tomio-okamura,petr-jezek
tomio-okamura,petr-jezek-1
miroslav-kalousek,tomas-bouzek
tomio-okamura,vaclav-klaus
tomio-okamura,vaclav-klaus-2
andrej-babis,alena-schillerova
tomio-okamura,andrej-babis
tomio-okamura,radim-fiala
miroslav-kalousek,alena-schillerova
tomio-okamura,jana-malacova
alexandra-udzenija,marketa-pekarova-1
tomio-okamura,lucie--safrankova
petr-silar,sarka-jelinkova
tomio-okamura,jan-chvojka
marek-vyborny,jan-bartosek
marek-vyborny,michaela-sojdrova
marek-vyborny,pavel-belobradek
marek-vyborny,pavel-svoboda
marek-vyborny,pavel-svoboda-1
marek-vyborny,pavel-svoboda-2
marek-vyborny,pavel-svoboda-3
alena-schillerova,miloslava-vostra
tomio-okamura,klara-samkova
tomio-okamura,lubomir-volny-1
tomio-okamura,marian-bojko
alexandra-udzenija,milos-vystrcil
petr-fiala,jan-jarolim
tomio-okamura,ivan-david
martin-kupka,klara-dostalova
petr-fiala,andrej-babis
petr-fiala,milos-babis
petr-silar,marek-vyborny
marek-vyborny,andrej-babis
marek-vyborny,tomio-okamura
tomio-okamura,jan-hamacek
tomio-okamura,radovan-vich-1
tomio-okamura,jan-hamacek
vladimir-kremlik,adam-vojtech-1
tomio-okamura,andrej-babis
tomio-okamura,jan-hamacek
milos-vystrcil,jan-zahradil
milos-vystrcil,jan-zahradil-2
milos-vystrcil,ludek-sefzig
tomio-okamura,ivan-david
petr-fiala,jan-zahradil
petr-fiala,jan-zahradil-2
tomio-okamura,andrej-babis
tomio-okamura,alena-schillerova
petr-fiala,jiri-hanus
tomas-czernin,ludek-niedermayer
radek-vondracek,andrej-babis
andrej-babis,adam-vojtech-1
andrej-babis,dita-charanzova
andrej-babis,jan-zizka
andrej-babis,jiri-pospisil
andrej-babis,jiri-pospisil-1
andrej-babis,klara-dostalova
andrej-babis,marie-benesova
andrej-babis,martina-dlabajova
andrej-babis,olga-sehnalova
andrej-babis,olga-sehnalova-1
andrej-babis,richard-brabec
andrej-babis,tomas-petricek
andrej-babis,vaclav-havel
jana-vildumetzova,alena-schillerova
jana-vildumetzova,klara-dostalova
alexandra-udzenija,jan-jarolim
petr-fiala,andrej-babis
tomio-okamura,jaromir-soukup
tomio-okamura,jana-cernochova
tomio-okamura,vaclav-klaus
tomio-okamura,vaclav-klaus-2
petr-fiala,andrej-babis
andrej-babis,dita-charanzova
andrej-babis,jan-hamacek
andrej-babis,jiri-havlicek
andrej-babis,jiri-havlicek-1
andrej-babis,marie-benesova
andrej-babis,martina-dlabajova
andrej-babis,martin-vitu
andrej-babis,miroslav-toman
andrej-babis,patrik-nacher
andrej-babis,pavel-hubeny
andrej-babis,richard-brabec
andrej-babis,vera-jourova
jaroslava-jermanova,jaroslava-pokorna-jermanova
jaroslava-jermanova,jaroslava-pokorna-jermanova-1
tomio-okamura,jiri-kobza-2
tomio-okamura,ondrej-kolar-8
tomio-okamura,karla-marikova
tomio-okamura,andrej-babis
tomio-okamura,frantisek-bublan
tomio-okamura,roman-onderka
ladislav-oklestek,andrej-babis
ladislav-oklestek,klara-dostalova
tomio-okamura,milan-simonovsky
tomio-okamura,pavel-svoboda
tomio-okamura,pavel-svoboda-1
tomio-okamura,pavel-svoboda-2
tomio-okamura,pavel-svoboda-3
tomio-okamura,tomas-zdechovsky
petr-fiala,dan-ramzer
petr-fiala,andrej-babis
tomio-okamura,andrej-babis
andrej-babis,frantisek-lukl
tomio-okamura,andrej-babis
tomio-okamura,antonin-stanek
tomio-okamura,pavel-stanek
tomio-okamura,pavel-stanek-1
miroslav-kalousek,ludek-niedermayer
miroslav-kalousek,alena-schillerova
miroslav-kalousek,jaromir-soukup
andrej-babis,adam-vojtech-1
vladimir-kremlik,jiri-svoboda
vladimir-kremlik,jiri-svoboda-304
jan-bartosek,simon-heller
petr-silar,marek-vyborny
miroslav-kalousek,tomas-petricek
tomio-okamura,milos-zeman
tomio-okamura,vladimir-franz
dita-charanzova,stanislav-polcak
jana-vildumetzova,adam-vojtech-1
tomio-okamura,jaroslav-kubera
tomio-okamura,vaclav-havel
zdenek-hrib,marcel-kolaja
sarka-jelinkova,marek-vyborny
tomio-okamura,alena-schillerova
tomio-okamura,andrej-babis
petr-fiala,andrej-babis
alexandra-udzenija,jaroslav-kubera
marek-vyborny,miluse-horska
dita-charanzova,martina-dlabajova
alena-schillerova,tomas-petricek
martin-kupka,zdenek-zajicek
sarka-jelinkova,jitka-seitlova
tomio-okamura,jaromir-soukup
tomio-okamura,andrej-babis
tomio-okamura,pavel-kovacik
jan-farsky,petr-holecek
petr-hladik-11,pavel-belobradek
zdenek-hrib,adriana-krnacova
tomio-okamura,jan-hamacek
tomio-okamura,milos-zeman
tomio-okamura,jan-volny
tomio-okamura,jaromir-volny
tomio-okamura,lubomir-volny-1
tomio-okamura,marian-bojko
tomio-okamura,lucie--safrankova
miroslav-kalousek,zdenek-ondracek
andrej-babis,adam-vojtech-1
andrej-babis,dita-charanzova
andrej-babis,jiri-cunek
andrej-babis,martina-dlabajova
andrej-babis,miroslav-toman
andrej-babis,tomas-macura
jan-hamacek,miroslav-stepan-25
tomio-okamura,jiri-mihola
tomio-okamura,pavel-jelinek
jan-farsky,andrej-babis
radek-rozvoral,dan-tok
tomio-okamura,hana-marvanova
tomio-okamura,pavel-rychetsky
adam-vojtech-1,jaroslav-novak-3
adam-vojtech-1,jaroslav-novak-vecernicek
adam-vojtech-1,jaroslav-novak-vecernicek-1
adam-vojtech-1,jaroslav-novak-vecernicek-2
tomio-okamura,ivan-bartos
tomio-okamura,ivan-bartos-11
tomio-okamura,jan-hamacek
ondrej-kolar,michal-stehlik
tomio-okamura,dominik-feri
tomio-okamura,helena-valkova
tomio-okamura,marek-benda
tomio-okamura,milos-zeman
tomio-okamura,radim-fiala
tomio-okamura,vaclav-klaus
tomio-okamura,vaclav-klaus-2
marketa-adamova,andrej-babis
marketa-adamova,milos-babis
tomas-czernin,pavel-fischer
marek-vyborny,jan-jarolim
milos-zeman,antonin-stanek
milos-zeman,jan-hamacek
miroslav-kalousek,jan-hamacek
tomio-okamura,lucie--safrankova
petr-fiala,andrej-babis
vlastimil-valek,marta-kubisova
andrej-babis,alena-schillerova
andrej-babis,antonin-stanek
andrej-babis,ivan-havlicek
andrej-babis,jana-malacova
andrej-babis,jan-hamacek
andrej-babis,jaroslava-pokorna-jermanova
andrej-babis,jaroslava-pokorna-jermanova-1
andrej-babis,jiri-havlicek
andrej-babis,jiri-havlicek-1
andrej-babis,klara-dostalova
andrej-babis,lubomir-metnar
andrej-babis,lubomir-zaoralek
andrej-babis,marie-benesova
andrej-babis,milan-simonovsky
andrej-babis,miroslav-toman
andrej-babis,patrik-nacher
andrej-babis,pavel-antonin
andrej-babis,richard-brabec
andrej-babis,tomas-havlicek
andrej-babis,vera-jourova
milos-zeman,vaclav-klaus
milos-zeman,vaclav-klaus-2
klara-dostalova,frantisek-lukl
tomio-okamura,dita-charanzova
tomio-okamura,martina-dlabajova
tomio-okamura,pavel-telicka
tomio-okamura,petr-jezek
tomio-okamura,petr-jezek-1
andrej-babis,alena-schillerova
andrej-babis,klara-dostalova
andrej-babis,marie-benesova
andrej-babis,milos-zeman
andrej-babis,patrik-nacher
andrej-babis,vaclav-havel
tomio-okamura,ivan-david
tomio-okamura,pavel-jelinek
petr-fiala,andrej-babis
zdenek-hrib,jakub-michalek
tomio-okamura,karel-schwarzenberg
alexandra-udzenija,andrej-babis
tomio-okamura,andrej-babis
tomio-okamura,milos-zeman
radek-rozvoral,michal-hasek
alena-schillerova,lubomir-zaoralek
tomio-okamura,ivan-david
tomio-okamura,jan-hrncir
tomio-okamura,jaroslav-horak
andrej-babis,adam-vojtech-1
andrej-babis,alena-schillerova
andrej-babis,helena-valkova
andrej-babis,jaroslav-faltynek
andrej-babis,karel-schwarzenberg
andrej-babis,klara-dostalova
andrej-babis,michal-babak
andrej-babis,milos-zeman
andrej-babis,miroslava-nemcova
andrej-babis,vaclav-havel
andrej-babis,vaclav-klaus
andrej-babis,vaclav-klaus-2
tomio-okamura,andrej-babis
alena-schillerova,jan-hamacek
tomio-okamura,ivan-david
tomio-okamura,jan-hrncir
tomio-okamura,jaroslav-horak
miroslav-kalousek,karel-schwarzenberg
tomio-okamura,petr-dvorak
petr-fiala,andrej-babis
andrej-babis,milos-zeman
sarka-jelinkova,pavel-svoboda
sarka-jelinkova,pavel-svoboda-1
sarka-jelinkova,pavel-svoboda-2
sarka-jelinkova,pavel-svoboda-3
adam-vojtech-1,richard-brabec
tomio-okamura,andrej-babis
radek-vondracek,vaclav-klaus
radek-vondracek,vaclav-klaus-2
tomio-okamura,filip-zacek
tomio-okamura,pavel-zacek
tomio-okamura,pavel-zacek-18
tomio-okamura,andrej-babis
tomio-okamura,milos-babis
tomio-okamura,petr-dvorak
tomio-okamura,milos-zeman
tomio-okamura,petr-fiala
tomio-okamura,ivan-david
tomio-okamura,jan-bauer
tomio-okamura,jaroslav-bauer
marek-vyborny,josef-lux
marketa-adamova,frantisek-blaha
marketa-adamova,jan-blaha
marketa-adamova,jiri-blaha-82
tomio-okamura,ivan-david
tomio-okamura,jan-hrncir
tomio-okamura,jaroslav-horak
tomio-okamura,andrej-babis
miroslav-kalousek,karel-schwarzenberg
miroslav-kalousek,ludek-niedermayer
jana-vildumetzova,milos-zeman
jakub-michalek,ivo-rittig
vladimir-kremlik,monika-oborna
jan-bartosek,pavel-belobradek
tomio-okamura,jaromir-soukup
andrej-babis,miroslav-toman
andrej-babis,ph.d.-zdenek
sarka-jelinkova,josef-vicha
sarka-jelinkova,vaclav-havel
tomio-okamura,ivan-david
petr-fiala,roman-smucler
