Politician,Top 10 Unique N-grams
adam-vojtech,ministerstvo zdravotnictví (109); zdravotnictví české (82); zdravotnictví české republiky (81); ministerstvo zdravotnictví české (76); duševního zdraví (67); duševní zdraví (67); ministerstva zdravotnictví (62); praktických lékařů (57); dobré ráno (50); zdravotních pojišťoven (49); primární péče (48); vzácná onemocnění (41); veřejného zdravotního (41); zdravotní pojišťovny (40); veřejného zdravotního pojištění (40); ochranných pomůcek (38); českého zdravotnictví (35); celé čr (34); veřejného zdraví (34); elektronizaci zdravotnictví (33); veřejném zdravotním (33); zdravotním pojištění (32); veřejném zdravotním pojištění (32); péče duševní (31); úhradová vyhláška (31); lékový záznam (31); péče duševní zdraví (31); center duševního (29); zákona veřejném (29); center duševního zdraví (29); zdravotními pojišťovnami (28); nemocnice bulovce (28); zákona veřejném zdravotním (28); zákona veřejném zdravotním pojištění (27); péče pacienty (26); ministerstvu zdravotnictví (25); psychiatrické péče (25); české zdravotnictví (25); lékařských fakult (24); nošení roušek (24); ministrů zdravotnictví (24); léčebné konopí (24); duševním onemocněním (23); dostupnost zdravotní (23); paliativní péče (23); lokální ohniska (22); epidemiologická situace (22); naším cílem (22); dostupnost zdravotní péče (22); šíření koronaviru (21); českém zdravotnictví (21); tiskové konferenci (21); otevřených dveří (21); zdravotnických prostředků (20); pozitivních případů (20); léčebného konopí (20); dohodovacího řízení (20); národní referenční (20); tomto směru (19); preventivní prohlídky (19); naše občany (19); praktického lékaře (18); mimořádné opatření (18); hygienické stanice (18); nových případů (18); porodní asistence (18); ochraně veřejného (18); ochraně veřejného zdraví (18); zákona ochraně veřejného (17); zákona ochraně veřejného zdraví (17)
alena-gajduskova,veřejné služby (20); sociální demokraté (17); lidi zdravotním (16); lidi zdravotním postižením (14); alena gajdůšková (13); velké blahopřání (11); lidí zdravotním (11); lidí zdravotním postižením (11); opravdu ráda (10); ministr toman (10); zálohované výživné (9); lidé zdravotním (9); lidé zdravotním postižením (9); mužů žen (8); navýšení rodičovského (8); klimatickou změnu (8); zrušení karenční (8); karenční doby (8); rodin dětmi (8); malými dětmi (8); zaměstnávání lidí (8); žen mužů (7); očima saši (7); saši mitrofanova (7); sociální demokraty (7); osob zdravotním (7); zvýšení minimální mzdy (7); zaměstnávání lidí zdravotním (7); zaměstnávání lidí zdravotním postižením (7); médií veřejné služby (6); kvalitní zdravotní péče (5); zaměstnávání osob zdravotním (5); poslaneckého klubu čssd (5); všechny rodiny dětmi (5); hodně zdraví štěstí (5); řešení klimatické změny (5); zaměstnávání osob zdravotním postižením (5); alena gajdůšková čssd (4); výboru alena gajdůšková (4); děti lidi zdravotním (4); místopředsedkyně sociálního výboru (4); média veřejné služby (4); mld kc roce (4); děti lidi zdravotním postižením (4); spoluúčasti pacientů zdravotní (3); pacientů zdravotní péči (3); placení nemocenské prvního (3); dne zvyšování platů (3); rovnosti žen mužů (3); sociální demokraté zlínském (3); demokraté zlínském kraji (3); dostupná kvalitní zdravotní (3); osoby zdravotním postižením (3); navýšení příspěvku zaměstnávání (3); stát musí zajistit (3); minimální důstojná mzda (3); rodin dětmi dětí (3); konfederace odborových svazů (3); rok leží sněmovně (3); leží sněmovně návrh (3); sociálního výboru alena (3); zákona pobytu cizinců (3); lidem zdravotním postižením (3); zaměstnavatelů zdravotně postižených (3); děti 4 let (3); zdravotním postižením seniory (3); volte číslo 7 (3); krajská konference čssd (3); délku zdravého života (3); navýšení příspěvků zaměstnávání (3)
alena-schillerova,ministerstva financí (85); finanční úřad (84); paušální daň (77); správa čr (72); finanční správa čr (71); 500 kč (52); celní správa (48); stravenkový paušál (48); státní dluhopisy (45); kompenzačního bonusu (43); bonusové období (42); životní úrovně (41); daně příjmů (41); kč měsíčně (40); online finanční (40); nový týden (37); díky kterému (36); ministrů financí (36); příspěvek stravování (36); ministerstvu financí (36); daňové přiznání (35); správa české (35); celní správa české (35); správa české republiky (35); celní správa české republiky (35); kč denně (33); státní správě (33); úřad zastupování (33); zastupování státu (33); státu věcech (33); věcech majetkových (33); majetkových úzsvm (33); ministrem financí (33); úřad zastupování státu (33); zastupování státu věcech (33); státu věcech majetkových (33); věcech majetkových úzsvm (33); úřad zastupování státu věcech (33); státu věcech majetkových úzsvm (33); úřad zastupování státu věcech majetkových (33); zastupování státu věcech majetkových úzsvm (33); naší ekonomiky (32); roce 2018 (31); celní správy (31); dluhopis republiky (31); díky němu (30); zamezení dvojímu zdanění (26); výši mld kč (24); nový kompenzační bonus (20); vládní rozpočtové rezervy (19); elektronické evidence tržeb (18); naše veřejné finance (18); mld kč navíc (17); podání daňového přiznání (17); kolegové úřad zastupování (17); plníme programové prohlášení (17); dph vodné stočné (17); kolegové úřad zastupování státu (17); plníme programové prohlášení vlády (17); kolegové úřad zastupování státu věcech (17); 500 kč denně (16); státním rozpočtu rok (16); podepsala rozpočtové opatření (16); 1 000 korun (16); zamezení dvojího zdanění (15); jednání ministrů financí (15); boj daňovými úniky (15); národní plán obnovy (14); online finančního úřadu (14); této nelehké době (14)
alexandra-udzenija,čtěte komentáři (55); polokomunistická vláda (14); víc čtěte (11); 26 let (9); dvojka srdcem (9); časopis reflex (9); daňové prázdniny (8); důchodového systému (8); malý levný (8); komentáři časopis (8); mezi top (7); nulové zdanění (7); bohosluzba ucteni (7); ucteni pamatky (7); pamatky narodnich (7); narodnich hrdinu (7); ruskem velvyslanectvi (7); pirati sli (7); sli pietni (7); pietni akt (7); akt takoveho (7); takoveho historickeho (7); historickeho vyznamu (7); státní výpalné (7); bohosluzba ucteni pamatky (7); ucteni pamatky narodnich (7); pamatky narodnich hrdinu (7); pirati sli pietni (7); sli pietni akt (7); pietni akt takoveho (7); akt takoveho historickeho (7); takoveho historickeho vyznamu (7); čtěte komentáři časopis (7); komentáři časopis reflex (7); bohosluzba ucteni pamatky narodnich (7); ucteni pamatky narodnich hrdinu (7); pirati sli pietni akt (7); sli pietni akt takoveho (7); pietni akt takoveho historickeho (7); akt takoveho historickeho vyznamu (7); bohosluzba ucteni pamatky narodnich hrdinu (7); pirati sli pietni akt takoveho (7); sli pietni akt takoveho historickeho (7); pietni akt takoveho historickeho vyznamu (7); prázdniny rodiče (6); lidem 26 (6); socialistická vláda (6); prorodinná politika (6); fond dvojka (6); důchodovou reformu (6); meli ruskem (6); velvyslanectvi pirati (6); koalice změny (6); prorodinné politice (6); levný stát (6); daňové prázdniny rodiče (6); lidem 26 let (6); nadační fond dvojka (6); fond dvojka srdcem (6); meli ruskem velvyslanectvi (6); ruskem velvyslanectvi pirati (6); velvyslanectvi pirati sli (6); víc čtěte komentáři (6); nadační fond dvojka srdcem (6); meli ruskem velvyslanectvi pirati (6); ruskem velvyslanectvi pirati sli (6); velvyslanectvi pirati sli pietni (6); čtěte komentáři časopis reflex (6); meli ruskem velvyslanectvi pirati sli (6); ruskem velvyslanectvi pirati sli pietni (6)
andrej-babis,ráno všem (138); tenhle týden (133); krásné ráno (124); krásné ráno všem (119); jedna fotka (118); koukněte video (85); karel havlíček (75); vláda schválila (64); výsledky jednání (62); výsledky jednání vlády (61); richard brabec (53); 10 procent (53); děkuju všem (51); tady máte (51); krásný den (50); konference plánu (47); tisková konference plánu (47); pojď mě (44); brusel právě (44); brusel právě teď (44); klára dostálová (43); zdravím všechny (42); krásný den všem (42); dva dny (41); jan blatný (39); nový stavební (39); miliard euro (39); čem sním (39); celý den (39); investiční plán (38); čem sním náhodou (37); sním náhodou spím (36); čem sním náhodou spím (36); národní investiční plán (31); právě teď krásný (31); aplikaci pojď mě (28); krásný večer všem (27); knížku čem sním (25); právě teď krásné (24); knížku čem sním náhodou (23); knížku čem sním náhodou spím (22); zasedání evropské rady (21); kramářova vila právě (20); vila právě teď (20); teď krásné ráno (20); vlády zdravotní rizika (20); čau lidi dneska (20); ursulou von der (20); kramářova vila právě teď (20); teď krásné ráno všem (20); ministerstvo životního prostředí (19); právě teď krásné ráno (19); právě teď krásné ráno všem (19); strakovka právě teď (18); rady výzkum vývoj (18); předsedou evropské rady (17); teď krásný den (17); úřad vlády právě (17); vlády právě teď (17); předsedkyní evropské komise (17); právě teď krásný den (17); teď krásný den všem (17); úřad vlády právě teď (17); právě teď krásný den všem (17); palác právě teď (16); tisková konference čeká (16); bezpečnostní rady státu (16); dph točené pivo (16); proti šíření koronaviru (16); rady výzkum vývoj inovace (16)
barbora-koranova,plzeňského kraje (21); třetích zemí (18); právu občana (17); území čr (17); města plzně (16); občana digitální (16); právu občana digitální (16); pracovních agentur (12); cizinců třetích (12); občana digitální služby (12); cizinců třetích zemí (12); právu občana digitální služby (12); plzeňském kraji (11); zákona právu občana (11); zaměstnávání cizinců (10); zákona právu občana digitální (10); zemí území (9); třetích zemí území (9); zemí území čr (9); třetích zemí území čr (9); bych dnes (8); zákona právu občana digitální služby (8); práce čr (7); chtěla bych dnes (7); cizinců třetích zemí území (7); cizinců třetích zemí území čr (7); stavebního práva (6); mnoho úspěchů (6); role státu (6); pobytu cizinců (6); třetí země (6); napříč politickým (6); politickým spektrem (6); ano 2011 (6); ict unie (6); mnou připravované (6); připravované legislativě (6); plzeňský kraj (6); zákon právu občana (6); návrhu zákona právu (6); chtěla bych poděkovat (6); zaměstnávání cizinců třetích (6); mnou připravované legislativě (6); zákon právu občana digitální (6); návrhu zákona právu občana (6); zaměstnávání cizinců třetích zemí (6); návrhu zákona právu občana digitální (6); zpráv české (5); zpráv české televize (5); média role státu (5); role státu jejich (5); státu jejich kontrole (5); média role státu jejich (5); role státu jejich kontrole (5); média role státu jejich kontrole (5); seminář média role (4); schůzi vyslovení nedůvěry (4); zároveň upravovat fungování (4); úřadu práce čr (4); poslanecké sněmovně dnes (4); fungování pracovních agentur (4); území čr zároveň (4); vládnímu zmocněnci it (4); orgány činné trestním (4); činné trestním řízení (4); portálu občana skrze (4); občana skrze internetové (4); skrze internetové bankovnictví (4); vojsky varšavské smlouvy (4); pobytu cizinců třetích (4)
dominik-feri,ústavně právním (5); soudech soudcích (4); právním výboru (4); pozměňovací návrhy (4); ústavně právním výboru (4); dominik feri (3); blbě vidím (3); právní výbor (3); proti množírnám (3); sněmovního systému (3); zákona soudech (3); reprodukce časopisu (3); jeho poradce (3); zákona soudech soudcích (3); čssd spd (2); celou republiku (2); čestný předseda (2); března 1939 (2); dva tři (2); ano berkovec (2); vánoční trhy (2); proti novele (2); národním divadle (2); slev jízdném (2); svým závazkům (2); odvody dohod (2); dohod provedení (2); provedení práce (2); senátor místopředseda (2); prezidentu republiky (2); sněmovna dnes (2); dnes schválila (2); vánoční zázrak (2); nečetl nemám (2); nemám brejle (2); brejle kampaň (2); milionu chvilek (2); tenhle rok (2); martin kroh (2); rychlost připojení (2); zítra začíná (2); schůze sněmovny (2); všecko nej (2); jedna nejvýznamnějších (2); 74 lety (2); poskytování realitních (2); realitních úschov (2); ústavně právní (2); lety začala (2); dneska přijeli (2); tančit všude (2); komunistický návrh (2); odvody dohod provedení (2); dohod provedení práce (2); sněmovna dnes schválila (2); nečetl nemám brejle (2); nemám brejle kampaň (2); poskytování realitních úschov (2); ústavně právní výbor (2); proti týrání zvířat (2); zpřísnění trestů týrání (2); trestů týrání zvířat (2); nikdo kupříkladu příliš (2); sněmu top 09 (2); reprodukce časopisu pestrý (2); časopisu pestrý týden (2); novele zákona soudech (2); hromadné žaloby vzplanou (2); žaloby vzplanou společnosti (2); vzplanou společnosti emoce (2)
ivan-bartos,státní správa (7); výjimek registru (5); digitalizace státu (5); výjimek registru smluv (5); zrušení výjimek (4); státem ovládané (4); dostala područí (4); schválení zákona (4); webu můžete (4); založit firmu (4); vlajkový zákon (4); zákon digitalizace (4); jeden den (4); vlajkový zákon digitalizace (4); výjimek registru smluv čez (4); druhým čtením (3); komunikaci úřady (3); další státem (3); ovládané firmy (3); budeme držet (3); držet kurz (3); zdanění práce (3); jeho střet (3); evropské úrovni (3); bychom chtěli (3); vedení země (3); digitální ústavu (3); mobilní data (3); státní správy (3); státní správu (3); prošel čtením (3); nový web (3); premiér střetu (3); našeho poslance (3); zrušení dětských (3); rozpočtový výbor (3); výbor doporučení (3); doporučení schválení (3); zákona vůbec (3); vůbec nehlasoval (3); nehlasoval piráti (3); piráti dnes (3); dnes hlasovali (3); hlasovali zamítnutí (3); zamítnutí dodatečného (3); dodatečného zdanění (3); zrušení výjimek registru (3); čez další státem (3); další státem ovládané (3); státem ovládané firmy (3); budeme držet kurz (3); jeho střet zájmů (3); premiér střetu zájmů (3); zrušení dětských exekucí (3); rozpočtový výbor doporučení (3); výbor doporučení schválení (3); doporučení schválení zákona (3); schválení zákona vůbec (3); zákona vůbec nehlasoval (3); vůbec nehlasoval piráti (3); nehlasoval piráti dnes (3); piráti dnes hlasovali (3); dnes hlasovali zamítnutí (3); hlasovali zamítnutí dodatečného (3); zamítnutí dodatečného zdanění (3); dodatečného zdanění církevních (3); církevních restitucí důvodu (3); restitucí důvodu vláda (3); důvodu vláda nedoložila (3); vláda nedoložila došlo (3)
jan-bartosek,odpočívejte pokoji (10); jejich práci (9); dostupného bydlení (7); bezpečnostní riziko (5); jihočeském kraji (5); mezinárodní den (5); alkoholu vodáků (5); jihočeského kraje (4); dlouhodobé financování (4); miliónů kč (4); navýšení rámci (4); rámci přesunu (4); 77 lety (4); vlastní život (4); myslet budoucnost (4); jejich práce (4); svůj život (4); vládní krize (4); další generace (4); lidé mají (4); lidský život (4); nebál postavit (4); navýšení rámci přesunu (4); téma dostupného (3); politické body (3); 80 lety (3); přibližně milionu (3); věřím budeme (3); jaké překvapení (3); snižuje dph (3); téma dostupného bydlení (3); snižuje dph pivo (3); rámci přesunu kapitoly (3); nevyřeší zavedení nového (3); zavedení nového mýtného (3); českých budějovic prahy (3); svolání výboru bezpečnost (3); zlaté české ručičky (3); alkoholu vodáků cyklistů (3); jeden lidský život (3); hrozeb výsledku voleb (3); výsledku voleb chceme (3); voleb chceme rozhodnout (3); velmi vysoké úrovni (3); pití alkoholu vodáků (3); navýšení rámci přesunu kapitoly (3); nevyřeší zavedení nového mýtného (3); zavedení nového mýtného systému (3); hybridních hrozeb výsledku voleb (3); hrozeb výsledku voleb chceme (3); výsledku voleb chceme rozhodnout (3); voleb chceme rozhodnout sami (3); nevyřeší zavedení nového mýtného systému (3); kontextu hybridních hrozeb výsledku voleb (3); hybridních hrozeb výsledku voleb chceme (3); hrozeb výsledku voleb chceme rozhodnout (3); výsledku voleb chceme rozhodnout sami (3); jednání bezpečnostního výboru (2); získat politické body (2); systém přidělování dotací (2); přidělování dotací děravější (2); dotací děravější než (2); musí okamžitá vzali (2); okamžitá vzali dotaci (2); vzali dotaci neoprávněně (2); dotaci neoprávněně musí (2); zlepšovat lidem firmám (2); dubna každoročně připomíná (2); každoročně připomíná začátek (2); připomíná začátek arménské (2)
jan-cizinsky,prahy 7 (33); praze 7 (32); jan čižinský (31); praha 7 (29); praze 1 (19); milí sousedé (17); srdečně vděčně (17); vděčně jan (17); srdečně vděčně jan (17); vděčně jan čižinský (17); srdečně vděčně jan čižinský (17); naše radní (13); než panda (13); panda zoo (13); víc než panda (13); než panda zoo (13); víc než panda zoo (13); životnímu prostředí (12); klimatické nouze (10); prahy sobě (9); hana třeštíková (9); udělat chybu (9); občanská společnost (9); práva víc (9); prahy 1 (9); lidská práva víc (9); práva víc než (9); lidská práva víc než (9); práva víc než panda (9); lidská práva víc než panda (9); práva víc než panda zoo (9); chybu budeme (8); památníku ticha (8); ticha bubnech (8); milena johnová (8); renata kropáčková (8); kropáčková moderátorka (8); naše radní kulturu (8); udělat chybu budeme (8); renata kropáčková moderátorka (8); sbírali podpisy (7); řeší naše (7); kulturu hana (7); třeštíková rádi (7); rádi bychom (7); bychom pomohli (7); pomohli propagací (7); sbírky abychom (7); abychom neomezili (7); neomezili slova (7); slova praze (7); praze pracujeme (7); pracujeme hýbeme (7); výstavištěm doplatilo (7); doplatilo také (7); nemůžeme udělat (7); pražské koalice (7); hlavní město (7); všem pražanům (7); celé zemi (7); úsporné spotřebiče (7); řeší naše radní (7); radní kulturu hana (7); kulturu hana třeštíková (7); hana třeštíková rádi (7); třeštíková rádi bychom (7); rádi bychom pomohli (7); bychom pomohli propagací (7); sbírky abychom neomezili (7); abychom neomezili slova (7)
jan-hamacek,bezpečnostních sborů (16); ministerstvo vnitra (14); olga sehnalová (13); ministerstva vnitra (12); ministrem vnitra (11); čssd vládě (10); pavel poc (10); 900 kč (10); skvělá práce (9); ministra vnitra (8); policejním prezidentem (8); české pošty (7); nelegální migraci (7); minimální mzda (7); tomáš petříček (6); soustrast blízkým (6); zákona služebním (6); služebním poměru (6); příslušníků bezpečnostních (6); nejbezpečnějších zemí (6); maláčová čssd (6); dokud budu (6); svou práci (6); rád podařilo (6); nového ministra (6); radek hlaváček (6); pravou míru (6); zákona služebním poměru (6); příslušníků bezpečnostních sborů (6); jana maláčová čssd (6); česká pošta (5); petříček ministr (5); ministr zahraničí (5); zahraničí české (5); blízkým obětí (5); jednou nejbezpečnějších (5); policistů hasičů (5); nová auta (5); severní makedonii (5); podívejte video (5); nominaci předsedu (5); proti nelegální (5); smutná zpráva (5); tomáš petříček ministr (5); petříček ministr zahraničí (5); ministr zahraničí české (5); zahraničí české republiky (5); upřímnou soustrast blízkým (5); soustrast blízkým obětí (5); jednou nejbezpečnějších zemí (5); proti nelegální migraci (5); tomáš petříček ministr zahraničí (5); petříček ministr zahraničí české (5); ministr zahraničí české republiky (5); upřímnou soustrast blízkým obětí (5); tomáš petříček ministr zahraničí české (5); petříček ministr zahraničí české republiky (5); víc než přikazuje (4); než přikazuje zákon (4); policie české republiky (4); nejbezpečnějších zemí světě (4); čeká hodně práce (4); dokud budu ministrem (4); budu ministrem vnitra (4); vyjádřit upřímnou soustrast (4); chce čssd vládě (4); víc než přikazuje zákon (4); dokud budu ministrem vnitra (4); přidáno 10 procent (3); přidáme víc než (3)
jan-hrncir,prosím května (39); jan hrnčíř (37); května hnutí (34); prosím května hnutí (27); volte prosím května hnutí (27); prosím května hnutí spd (27); volte prosím května hnutí spd (27); matteo salvini (22); parlamentu května (22); spd volbách (21); nechcete vládli (21); spd volbách evropského (21); eu imigraci (20); le pen (20); spd volbách evropského parlamentu (20); společně dalšími (19); hnutí spd volbách (18); hnutí spd volbách evropského (18); hnutí spd volbách evropského parlamentu (18); marine le pen (17); imigraci islamizaci (16); dalšími vlasteneckými (16); společně dalšími vlasteneckými (16); diktátu evropské (15); islámského státu (15); referendem eu (15); diktátu evropské unie (15); poslanec spd (14); diktát bruselu (14); přijďte května (12); května říct (12); říct volbách (12); parlamentu jasné (12); jasné diktátu (12); unie imigraci (12); poslanec jan (12); vnitra matteo (12); přijďte května říct (12); května říct volbách (12); říct volbách evropského (12); evropského parlamentu jasné (12); parlamentu jasné diktátu (12); jasné diktátu evropské (12); evropské unie imigraci (12); poslanec jan hrnčíř (12); volte prosím hnutí (12); přijďte května říct volbách (12); května říct volbách evropského (12); říct volbách evropského parlamentu (12); volbách evropského parlamentu jasné (12); evropského parlamentu jasné diktátu (12); parlamentu jasné diktátu evropské (12); jasné diktátu evropské unie (12); diktátu evropské unie imigraci (12); volte prosím hnutí spd (12); přijďte května říct volbách evropského (12); května říct volbách evropského parlamentu (12); říct volbách evropského parlamentu jasné (12); volbách evropského parlamentu jasné diktátu (12); evropského parlamentu jasné diktátu evropské (12); parlamentu jasné diktátu evropské unie (12); jasné diktátu evropské unie imigraci (12); spd jan (11); parlamentu řekneme (11); řekneme jasné (11); masové imigrace (11); volby referendem (11); volbám evropského (11); západní evropě (11); italský ministr (11)
jan-kobza,babiš krade (21); krade babiš (20); babiš krade babiš (20); krade babiš krade (20); babiš krade babiš krade (20); krade babiš krade babiš (19); babiš krade babiš krade babiš (19); krade babiš krade babiš krade (19); babiš okrádá (8); okrádá vaše (8); babiš okrádá vaše (8); okrádá vaše děti (8); babiš okrádá vaše děti (8); děti babiš (7); vaše děti babiš (7); děti babiš okrádá (7); okrádá vaše děti babiš (7); vaše děti babiš okrádá (7); děti babiš okrádá vaše (7); babiš okrádá vaše děti babiš (7); okrádá vaše děti babiš okrádá (7); vaše děti babiš okrádá vaše (7); děti babiš okrádá vaše děti (7); panem předsedou (6); pana předsedy (6); istanbulské úmluvy (5); ministra havlíčka (5); proti přepisování (4); paní monika (4); panu předsedovi (4); pana předsedu (4); než smažou (4); dnešní vystoupení (4); turecké agresi (4); pronásledování křesťanů (4); křesťanů století (4); elektrické energie (4); pronásledování křesťanů století (4); tahle země (3); rychle sdílejte (3); sdílejte než (3); vystoupení sněmovně (3); úplně prdele (3); jazzové sekci (3); dotační podvodník (3); ivanem davidem (3); návrh usnesení (3); ratifikace istanbulské (3); vyjádření ministra (3); havlíčka energetice (3); energetických zdrojů (3); přepisování dějin (3); veřejnost nesmí (3); nesmí vědět (3); koncesionářských poplatků (3); rychle sdílejte než (3); sdílejte než smažou (3); ratifikace istanbulské úmluvy (3); proti přepisování dějin (3); veřejnost nesmí vědět (3); rychle sdílejte než smažou (3); hospodaření české (2); seminář děti (2); děti drogy (2); drogy legislativa (2); legislativa praxe (2); praxe léčba (2); léčba prevence (2); hubu krok (2); komentář parlamentní (2)
jan-lipavsky,prahy 6 (6); bojovníků svobodu (4); praze 6 (4); magnitského zákon (3); výbor obranu (3); zahraničních investic (3); ruské propagandy (3); tajných služeb (3); prahy dnes (3); měl čest (3); maršála koněva (3); bychom neměli (3); pěti lety (3); lehkou váhu (3); nebuďme lhostejní (2); zeman číně (2); země oficiální (2); jde reakci (2); další osud (2); český berňák (2); svobodu internetu (2); václava klause (2); více můžete (2); pan nebeský (2); vybírá hotovosti (2); lidským právům (2); sochy koněva (2); ruské ambasády (2); všem voličům (2); voličům podporu (2); jejich oběť (2); finská novinářka (2); novinářka jessikka (2); přijatého rozhodnutí (2); ods top09 (2); říkáte mluvčí (2); mluvčí magistrátního (2); magistrátního klub (2); klub stan (2); stan top (2); 09 šárka (2); šárka kuželová (2); kuželová vlastní (2); všem voličům podporu (2); finská novinářka jessikka (2); říkáte mluvčí magistrátního (2); mluvčí magistrátního klub (2); magistrátního klub stan (2); klub stan top (2); stan top 09 (2); top 09 šárka (2); 09 šárka kuželová (2); šárka kuželová vlastní (2); kuželová vlastní firmu (2); vlastní firmu společně (2); firmu společně extremistou (2); vystupovačem eu stanislavem (2); eu stanislavem brunclíkem (2); magistrátních peněz chtěli (2); peněz chtěli nechat (2); mediální školení hodinové (2); školení hodinové sazbě (2); hodinové sazbě 6050 (2); sazbě 6050 kč (2); čtyř hlavních měst (2); sochy maršála koněva (2); svazu bojovníků svobodu (2); sněmovní výbor obranu (2); českým svazem bojovníků (2); svazem bojovníků svobodu (2)
jan-skopecek,zvýšení daní (21); ministryně schillerová (16); 40 mld (16); více viz (14); hnutím ano (13); době růstu (13); spotřební daně (12); hnutí ano čssd (12); hostem pořadu (11); zvyšovat daně (10); financí schillerová (10); ministryně financí schillerová (10); událostech komentářích (8); centralizaci unifikaci (8); daňové břemeno (8); unifikaci eu (8); budu hostem pořadu (8); vysoké daně (7); listopadu 1989 (7); vyšší daně (7); ekonomický růst (7); regulace lidských (7); lidských vztahů (7); regulace lidských vztahů (7); středočeské ods (6); poslanecký den (6); financí schillerovou (6); rezerv pojišťoven (6); nacistickým německem (6); nemá společného (6); ekonomického růstu (6); položení kytice (6); vlny eet (6); komentáře čt24 (6); nízké nezaměstnanosti (6); hostem pořadu události (6); centralizaci unifikaci eu (6); události komentáře čt24 (6); jiný než (5); návrhů jaké daně (5); česko čína příležitosti (5); čína příležitosti limity (5); nejvyšší daňové břemeno (5); státní regulace lidských (5); kvůli hnutí ano (5); paní ministryně schillerová (5); von der leyenové (5); koalice hnutí ano (5); česko čína příležitosti limity (5); státní regulace lidských vztahů (5); pořadu události komentáře čt24 (5); koalice hnutí ano čssd (5); premiér babiš ministryní (4); pořadatel svobodně rozhodl (4); svobodně rozhodl hostesky (4); rozhodl hostesky roky (4); hostesky roky funguje (4); roky funguje teď (4); funguje teď závodem (4); teď závodem nemá (4); závodem nemá společného (4); nemá společného vyvíjí (4); společného vyvíjí soukromého (4); vyvíjí soukromého pořadatele (4); soukromého pořadatele nátlak (4); pořadatele nátlak nebylo (4); nátlak nebylo tudíž (4); nebylo tudíž svoboda (4); tudíž svoboda pořadatele (4); svoboda pořadatele zpochybňována (4)
jan-zahradil,volíte čssd (10); dotaz volíte (9); dotaz volíte čssd (9); evropské politice (8); velký rozhovor (7); eu čínou (7); ostrej riff (7); volebních lídrů (7); mezinárodní obchod (6); nacionalistou čínským (6); čínským agentem (6); agentem nikoli (6); nikoli nicméně (6); nicméně pouze (6); pouze agentem (6); agentem čr (6); čr vztahům (6); vztahům eu (6); věnuji budu (6); budu věnovat (6); věnovat praktickém (6); praktickém pragmatickém (6); pragmatickém základě (6); dvě cesty (6); cesty číny (6); jestli chcete (6); chcete pocvičit (6); 100 lety (6); nacionalistou čínským agentem (6); čínským agentem nikoli (6); agentem nikoli nicméně (6); nikoli nicméně pouze (6); nicméně pouze agentem (6); pouze agentem čr (6); agentem čr vztahům (6); čr vztahům eu (6); vztahům eu čínou (6); věnuji budu věnovat (6); budu věnovat praktickém (6); věnovat praktickém pragmatickém (6); praktickém pragmatickém základě (6); jestli chcete pocvičit (6); nacionalistou čínským agentem nikoli (6); čínským agentem nikoli nicméně (6); agentem nikoli nicméně pouze (6); nikoli nicméně pouze agentem (6); nicméně pouze agentem čr (6); pouze agentem čr vztahům (6); agentem čr vztahům eu (6); čr vztahům eu čínou (6); věnuji budu věnovat praktickém (6); budu věnovat praktickém pragmatickém (6); věnovat praktickém pragmatickém základě (6); nacionalistou čínským agentem nikoli nicméně (6); čínským agentem nikoli nicméně pouze (6); agentem nikoli nicméně pouze agentem (6); nikoli nicméně pouze agentem čr (6); nicméně pouze agentem čr vztahům (6); pouze agentem čr vztahům eu (6); agentem čr vztahům eu čínou (6); věnuji budu věnovat praktickém pragmatickém (6); budu věnovat praktickém pragmatickém základě (6); evropských konzervativců (5); amp spol (5); čínou věnuji (5); číny neplatila (5); neplatila čínská (5); čínská strana (5); mezi eu (5); volného obchodu (5)
jana-cernochova,prahy 2 (17); olova střelivu (9); výdajů obranu (8); střelivu rybářském (8); výboru obranu (8); olova střelivu rybářském (8); obranu výši (7); výši 2 (7); mč praha (7); rybářském olůvku (7); výdajů obranu výši (7); výši 2 hdp (7); mč praha 2 (7); obranu výši 2 (6); střelivu rybářském olůvku (6); výdajů obranu výši 2 (6); obranu výši 2 hdp (6); olova střelivu rybářském olůvku (6); výdajů obranu výši 2 hdp (6); karlově náměstí (5); uzákonění výdajů (5); ministr obrany (5); zákazu olova (5); čest jejich (5); jejich památce (5); štábní praporčík (5); praporčík in (5); můžete zhlédnout (5); držení zbraní (5); štábní praporčík in (5); praporčík in memoriam (5); štábní praporčík in memoriam (5); klub ods (4); nikdy nezapomeneme (4); palných zbraní (4); 2 dnes (4); návrh uzákonění (4); mém dnešním (4); dnešním blogu (4); jejich službu (4); poslanecký klub ods (4); návrh uzákonění výdajů (4); uzákonění výdajů obranu (4); mém dnešním blogu (4); zákazu olova střelivu (4); poslaneckého klubu ods (4); návrh uzákonění výdajů obranu (4); uzákonění výdajů obranu výši (4); zákazu olova střelivu rybářském (4); návrh uzákonění výdajů obranu výši (4); uzákonění výdajů obranu výši 2 (4); ods dnes (3); znepokojení vzrůstajícími (3); vzrůstajícími tendencemi (3); tendencemi projevů (3); projevů antisemitismu (3); vyzval vládu (3); mezinárodním poli (3); zamítla návrh (3); záštitou starostky (3); starostky prahy (3); směrnice zbraních (3); zásadu proporcionality (3); věděl schválil (3); předkládáme návrh (3); našich občanů (3); fond solidarity (3); blog téma (3); každém rozpočtu (3); tomto ohledu (3)
jiri-dolejs,die linke (11); obchod strachem (7); konec světa (7); vědecký důkaz (6); konci světa (6); rozdil mezi (6); okupace 68 (5); vedecky dukaz (5); koncem světa (5); 30 letech (4); názor důkaz (4); socialni spravedlnosti (4); extinction rebellion (4); konci sveta (4); de iure (4); klimatické náboženství (4); rok 1989 (4); tady jde (4); role roa (3); nemá cenu (3); koněvovy sochy (3); důkaz apokalypsy (3); menší zlo (3); máte pocit (3); obou stranach (3); nota bene (3); srpen 1968 (3); porušení mezinárodního (3); mohou byt (3); in thüringen (3); mit der (3); obcanskou valku (3); 70 let (3); danovy balicek (3); zcela mimo (3); neni rec (3); cesky prumysl (3); strašení koncem (3); jestli vam (3); ma byt (3); některé věci (3); dass er (3); sto lety (3); was er (3); molekuly co2 (3); ceskou energetiku (3); vas problem (3); kdyz vam (3); vědeckých důkazech (3); rot rot (3); rot grun (3); für die (3); porušení mezinárodního práva (3); strašení koncem světa (3); rot rot grun (3); oddeleni faktu (2); kdyz dane (2); krytí důchodů (2); byste jí (2); vy uz (2); statniho rozpoctu (2); akademická půda (2); konce sveta (2); let zpozdeni (2); svet neni (2); pred 40 (2); 40 lety (2); muze mit (2); pred 40 lety (2); uloziste technicky detail (2)
jiri-drahos,hlavy státu (9); našeho vzdělávání (7); miloši zemanovi (7); 70 lety (7); komunistický režim (6); práci senátu (6); považuji velmi (6); václavském náměstí (6); dobře fungující (6); oblasti vzdělávání (6); praze 4 (5); někteří politici (5); kybernetickou bezpečnost (5); celou řadu (5); nesmíme nikdy (5); nikdy zapomenout (5); zcela nepřijatelné (5); první republiky (5); nesmíme nikdy zapomenout (5); celá řada (4); rád můžeme (4); velmi důležité (4); připomenout výročí (4); pedagogických fakultách (4); lety skončil (4); jejich památku (4); některých politiků (4); pevně doufám (4); protiústavní krok (4); někteří naši (4); naši politici (4); neměli bychom (4); silný zážitek (4); společně česko (4); více lidí (4); ústavu premiér (4); vyspělých zemí (4); jasný signál (4); nejen politice (4); třicet let (4); milošem zemanem (4); otevřeně bavit (4); komunistické strany (4); současné hlavy (4); někteří naši politici (4); současné hlavy státu (4); nesmírně statečná žena (4); ostravském domově slunečnice (3); předsedy poslanecké sněmovny (3); gratuluji zuzaně čaputové (3); boji proti nacistické (3); proti nacistické tyranii (3); spolku společně česko (3); stále více lidí (3); všech vyspělých zemí (3); navýšení platů učitelů (3); chování hlavy státu (3); žaloba ústavnímu soudu (3); demokracie platilo roce (3); pražského jara ochotně (3); jara ochotně asistovala (3); palce jim vyšla (3); jim vyšla kandidatura (3); petici zachování práv (3); českých občanů oblasti (3); občanů oblasti legálních (3); oblasti legálních zbraní (3); považuji krajně nevhodné (3); třicet let svobody (3); boji proti nacistické tyranii (3)
jiri-pospisil,stíhaného premiéra (8); trestně stíhaného (7); premiér měl (6); komise odpověď (5); odpověď 6 (5); 6 týdnů (5); svoboda demokracie (5); státním zastupitelství (5); komise odpověď 6 (5); odpověď 6 týdnů (5); komise odpověď 6 týdnů (5); kancléř mynář (4); nezávislost justice (4); marie benešové (4); český prezident (4); ničím jiným (4); jiným než (4); právním státě (4); celou věc (4); der leyenová (4); týdnů musíme (4); musíme počkat (4); další důvod (4); británie eu (4); zeman opět (4); vztahy mezi (4); ničím jiným než (4); 6 týdnů musíme (4); týdnů musíme počkat (4); velké británie eu (4); odpověď 6 týdnů musíme (4); 6 týdnů musíme počkat (4); komise odpověď 6 týdnů musíme (4); odpověď 6 týdnů musíme počkat (4); podle andreje (3); kvůli kauze (3); marii benešovou (3); zástupce pavla (3); babiš měl (3); zeman chce (3); podle andreje babiše (3); zástupce pavla zemana (3); miloš zeman chce (3); odchodu velké británie (3); miloš zeman opět (3); udání důvodu odvolat (3); důvodu odvolat nejvyššího (3); odvolat nejvyššího státního (3); odchodu velké británie eu (3); udání důvodu odvolat nejvyššího (3); důvodu odvolat nejvyššího státního (3); odvolat nejvyššího státního zástupce (3); udání důvodu odvolat nejvyššího státního (3); důvodu odvolat nejvyššího státního zástupce (3); pirátského poslance michálka (2); proti top 09 (2); krajský výbor top (2); výbor top 09 (2); top 09 jasně (2); 09 jasně řekl (2); jasně řekl nesouhlasí (2); hanou kordovou marvanovou (2); komunálních volbách praze (2); předsedkyní top 09 (2); ignoruje statisíce lidí (2); veřejně přes twitter (2); návrhu obžalobu premiéra (2); zdanění prázdných bytů (2); kauzy andreje babiše (2); bojovník proti komunismu (2)
karel-havlicek,pořadu rovinu (88); ministr průmyslu (69); správa železnic (68); programu covid (49); cen energií (48); státní organizace (48); ministra průmyslu (43); železnic státní (43); správa železnic státní (43); železnic státní organizace (43); správa železnic státní organizace (43); ceny energií (39); inovační strategie (39); ministerstvo průmyslu (38); ministerstvo průmyslu obchodu (38); pohonných hmot (36); covid nájemné (35); nová vláda (34); domácnosti firmy (34); vaše dotazy (32); for the (31); obnovitelné zdroje (29); opět živě (29); uzavřené provozovny (29); solární tunel (28); růstu cen (28); rovinu živě (28); country for (28); tisíc žádostí (28); ppp projekt (27); elektronická dálniční (27); the future (27); žádostí víc (27); program covid (27); for the future (27); žádostí víc než (27); rovinu dnes (26); úřad vlády čr (26); dálnice d4 (25); dálniční známka (25); elektronická dálniční známka (25); inovační strategii (24); velký zájem (24); covid kultura (23); fanoušek muziky (23); country for the (23); country for the future (23); nové dálnice (22); radě eu (22); energetický mix (22); energetické krize (22); velké množství (21); emisních povolenek (21); děkuji rozhovor (21); podle plánu (21); 32 km (21); aktuální stav (21); živě rovinu (21); množství dotazů (20); živě pořadu (20); živáč víkend (20); elektronické dálniční (20); těším vaše (20); živě pořadu rovinu (20); než mld kč (19); gastro uzavřené provozovny (19); elektronické dálniční známky (18); víc než mld (18); víc než mld kč (18); pátek nabízím nějaký (17)
katerina-valachova,dětských dluhů (38); 15 procent (20); občanského zákoníku (18); dětské dluhy (15); školského výboru (14); dlužnímu otroctví (14); pěkný den všem (11); zvýšení platů (10); druhá šance (10); fórum rodinné (10); rodinné politiky (10); fórum rodinné politiky (10); novely občanského (9); dluhovému otroctví (9); financování regionálního (9); regionálního školství (9); novely občanského zákoníku (9); financování regionálního školství (9); tří let (8); konec konců (8); mladí lidé (8); druhou šanci (8); dluhů dlužnímu (8); prohlášení vlády (8); dnes odpoledne (8); ministr plaga (8); dluhové pasti (8); plat učitele (8); učitelek učitelů (8); dluhů dlužnímu otroctví (8); další krok (7); zvaných dětských (7); velmi rychle (7); půdě poslanecké (7); splácení dluhů (7); učitelkám učitelům (7); placení dluhů (7); komise ústavu (7); učitelky učitele (7); ministr školství (7); deset procent (7); 1750 korun (7); roku 2017 (7); maturitu matematiky (7); učitelkami učiteli (7); návrh novely (7); zvaných dětských dluhů (7); půdě poslanecké sněmovny (7); průměrný plat učitele (7); placení dluhů dlužnímu (6); exekuce dětských dluhů (6); placení dluhů dlužnímu otroctví (6); ano placení dluhů (5); reformy financování regionálního (5); během tří let (5); zvýšení platů učitelů (5); učitelů 15 procent (5); kolegy poslanecké sněmovně (5); rodinné politiky 2019 (5); reformy financování regionálního školství (5); fórum rodinné politiky 2019 (5); nového předsedy školského (4); předsedy školského výboru (4); všem krásný den (4); dnešního kulatého stolu (4); dluhů dluhovému otroctví (4); nových dětských dluhů (4); rodiny dětmi seniory (4); exekuce očima povinného (4); době mého působení (4)
lubomir-volny,mrna gt (106); liberální demokraté (91); konspirační teorie (71); mí milí (52); liberálních demokratů (44); své děti (43); covidová mafie (35); covidové mafie (33); lubomír volný (32); nesouvisí nesouvisí (31); liberální demokrat (30); liberální demokracie (29); jo jo (28); liberální demokraty (28); nesouvisí nesouvisí nesouvisí (28); green deal (27); přesně takto (27); vakcína vakcína (27); volný blok (26); vakcína vakcína vakcína (26); nesouvisí nesouvisí nesouvisí nesouvisí (26); pane ryšavý (25); proti covidu (25); vakcína vakcína vakcína vakcína (25); nesouvisí nesouvisí nesouvisí nesouvisí nesouvisí (24); vakcína vakcína vakcína vakcína vakcína (24); nato eu (23); volného bloku (23); dnes již (23); ad hominem (22); liberálně demokratické (22); proti rusku (22); 000 000 (22); nord stream (21); milí liberální (21); roce 2019 (21); kyjevský režim (21); přeji příjemný (20); muslimští teroristé (20); milí liberální demokraté (20); jednoho dne (18); jejich děti (18); pane volný (18); mne osobně (18); covid 19 (17); eu švédsko (17); bombových útoků (17); ruský plyn (17); celé video (16); přesně podle (16); vy víte (16); den den (16); pane poslanče (16); 100 000 (16); lives matter (16); mí milí liberální (16); zcela určitě (15); kariérní komunista (15); prezidenta usa (15); vy osobně (15); new yorku (15); mohl bych (15); vše ostatní (15); sebe své (15); pozitivní diskriminace (15); just in (15); lepší lidé (15); nobelovy ceny (15); konspirační teorii (15); ústavní právo (15)
ludek-niedermayer,dle mého (27); mého soudu (21); dle mého soudu (20); pár desítek (19); společná evropa (16); dnešního světa (16); společné evropy (14); či dokonce (13); dnešním světě (12); společné evropě (12); ku prospěchu (12); pár měsíců (12); naši budoucnost (11); touto cestou (11); tvrdý brexit (11); docela dost (11); konflikt zájmu (11); aspoň trochu (11); první pohled (11); pana tykače (10); konfliktu zájmu (10); část lidí (10); velká část (10); bateriová auta (9); otázka zda (9); stovky miliard (9); spoustu lidí (9); panu premiérovi (9); uk eu (9); velké firmy (9); pan johnson (9); malých středních firem (6); pan andrej babiš (6); pět minut luďkem (6); klimatu životního prostředí (5); pan premiér andrej (5); top 09 starostové (5); 09 starostové nezávislí (5); zájmu pana premiéra (5); pan premiér andrej babiš (5); top 09 starostové nezávislí (5); holdingu pana tykače (4); věcí našeho státu (4); naší části světa (4); top 09 středočeský (4); 09 středočeský kraj (4); naší zahraniční politiky (4); dříve či později (4); coderdojo česká republika (4); desítky tisíc lidí (4); premiéra andrej babiš (4); život naší zemi (4); firmám pana premiéra (4); top 09 středočeský kraj (4); více či méně (3); dominancí některých technologií (3); některých technologií firem (3); technologií firem citlivých (3); firem citlivých oblastech (3); zase někdy příště (3); pár desítek hodin (3); podle mne velmi (3); naší společné evropy (3); svobodné demokratické společnosti (3); zdá více než (3); naše země úplně (3); svého nejlepšího nápadu (3); planetu naše děti (3); euro přijmeme zbohatneme (3); debatu můžete podívat (3)
lukas-wagenknecht,dotační podvod (15); převzetí státu (14); zákona střetu (9); svěřenských fondů (9); pana premiéra babiše (9); nezávislost veřejnoprávních (8); zájmů pana (8); podle zákona (8); čerpání dotací (7); pana šarocha (7); agent stb (7); veřejných zakázek (7); rop sz (7); auditní zprávy (7); monitorovací systém (7); nezávislost veřejnoprávních médií (7); premiéra jeho (6); rozpočtu eu (6); prokázaný dotační (6); auditních zpráv (6); evropského práva (6); dotačního podvodu (5); jednání pana (5); komise senátu (5); ministryně dostálová (5); zneužití pravomoci (5); state capture (5); našich daní (5); svěřenského fondu (5); pan pecka (5); trestné činnosti (5); evropského nařízení (5); sdělovací prostředky (5); střetu zájmů pana (5); malého středního podniku (4); veřejnoprávních médií čr (4); republiky hrubé porušení (4); paní ministryně dostálová (4); prokázaný dotační podvod (4); babiš střetu zájmů (4); jednání pana premiéra (4); mého volebního obvodu (4); stálá komise senátu (4); komise senátu sdělovací (4); senátu sdělovací prostředky (4); nezávislost veřejnoprávních médií čr (4); republiky hrubé porušení ústavy (4); stálá komise senátu sdělovací (4); komise senátu sdělovací prostředky (4); stálá komise senátu sdělovací prostředky (4); zákon střetu zájmů (3); definice malého středního (3); můžete sledovat online (3); manželky koaličního partnera (3); střet zájmů pana (3); liberální demokracii senátor (3); větší dotační podvod (3); dotační podvod než (3); korupce převzetí státu (3); jeho střetu zájmů (3); evidovaný agent stb (3); syna pana premiéra (3); soudní dvůr eu (3); prezidenta republiky hrubé (3); poskytnout auditní zprávy (3); založení svěřenských fondů (3); výnosů trestné činnosti (3); podle evropského nařízení (3); usnesení vyzývající vládu (3); vyzývající vládu spolupráci (3)
marek-vyborny,dofinancování sociálních (21); výborný pátek (16); ústavní ochranu (15); ochranu vody (13); ústavní ochranu vody (11); budu těšit (10); gymnázium pardubice (9); již zítra (8); heřmanově městci (8); pardubice mozartova (8); let věku (8); gymnázium pardubice mozartova (8); 4 let věku (8); musí platit (7); volebního zákona (7); roman línek (7); marian jurečka (7); zdanění náhrad (7); náhrad církvím (7); okresní konferenci (7); mladí lidovci (7); ústavní ochranu vody půdy (7); dvě miliardy (6); mnohem více (6); šárka jelínková (6); jednání sněmovny (6); dětmi 4 (6); partii primě (6); klidnou sílu (6); naši svobodu (6); miluše horská (6); podpora rodiny (5); ústavní stížnost (5); pardubice mozartova 449 (5); padni komu padni (5); přeji krásný víkend (5); zdanění náhrad církvím (5); aktuální politické situaci (5); gymnázium pardubice mozartova 449 (5); novelu volebního zákona (4); sociálních služeb rok (4); kandidáty evropského parlamentu (4); krásný víkend budu (4); víkend budu těšit (4); budu těšit zase (4); budu rád vaše (4); tomáš zdechovský michaela (4); zdechovský michaela šojdrová (4); miluše horská senátorka (4); horská senátorka pardubicko (4); senátorka pardubicko přeloučsko (4); pardubicko přeloučsko chlumecko (4); problémy pana premiéra (4); přeji krásný víkend budu (4); krásný víkend budu těšit (4); tomáš zdechovský michaela šojdrová (4); miluše horská senátorka pardubicko (4); horská senátorka pardubicko přeloučsko (4); senátorka pardubicko přeloučsko chlumecko (4); přeji krásný víkend budu těšit (4); miluše horská senátorka pardubicko přeloučsko (4); horská senátorka pardubicko přeloučsko chlumecko (4); musí platit všechny (3); zisk jednoho mandátu (3); přepočet hlasů mandáty (3); 21 tisíc hlasů (3); tisíc hlasů víc (3); hlasů víc než (3); víc než 5 (3); než 5 lety (3)
marek-zenisek,prezidenta zemana (6); 09 stan (6); novou dohodu (5); ta zlá (4); nový rok (4); horší než (4); volby ep (4); pořád stejní (4); svoji práci (4); hdp obranu (4); mil rusů (4); necelé tři (3); zejména pak (3); eu řekl (3); zlá eu (3); než ta (3); hlava státu (3); přesně takhle (3); kdyby nebylo (3); než teď (3); tradiční rodinu (3); předsedou vlády (3); té vládě (3); čínský velvyslanec (3); jedno jestli (3); sněm listopadu (3); dobře dopadlo (3); členství eu (3); ta zlá eu (3); ministr zahraničních věcí (3); dělá svoji práci (3); mil rusů nemá (3); necelé tři týdny (2); studenty důchodce stát (2); důchodce stát vyplatil (2); stát vyplatil dopravcům (2); eu novou dohodu (2); novou dohodu správně (2); dohodu správně odmítá (2); správně odmítá lepší (2); odmítá lepší totiž (2); lepší totiž vyjednat (2); totiž vyjednat nelze (2); ukáže takových bytů (2); předsedou evropské lidové (2); nehlasuje podle národnosti (2); tomto naprostou pravdu (2); pan staněk dobrý (2); staněk dobrý nástupce (2); kauzy čapí hnízdo (2); vloni začali bojovat (2); začali bojovat proti (2); bojovat proti drahým (2); proti drahým datům (2); drahým datům říkali (2); datům říkali určitě (2); říkali určitě nestane (2); čínský velvyslanec chová (2); velvyslanec chová mu (2); chová mu celá (2); mu celá čr (2); celá čr patřila (2); čr patřila obchází (2); patřila obchází politiky (2); obchází politiky vyhrožuje (2); politiky vyhrožuje jednou (2); vyhrožuje jednou kvůli (2); jednou kvůli praze (2); kvůli praze jindy (2); měl pochopit taiwan (2)
marian-jurecka,pozemkové úpravy (9); rozhodnutí soudu (7); kč ročně (7); ja myslím (6); benefiční koncert (6); investiční dotace (6); moji osobu (6); dej bůh (5); bůh štěstí (5); komise eu (5); čisté svědomí (5); zelenou naftu (5); člen vlády (5); žádné investiční (5); coby ministr (5); chcete levnější (5); dej bůh štěstí (5); mld kč ročně (5); žádné investiční dotace (5); hmotných rezerv (4); zjistěte fakta (4); dvě hodiny (4); dost mimo (4); roku 2013 (4); mohl pan (4); ondřeje závodského (4); masa polska (4); úplně mimo (4); koaliční vláda (4); tohoto státu (4); srdečně zvu (4); volební výsledek (4); zpětnou vazbu (4); ochrany vody půdy (3); předseda klubu ano (3); zákony rozhodnutí soudu (3); moji osobu trestní (3); osobu trestní oznámení (3); trestní oznámení díky (3); všem lidem dobré (3); lidem dobré vůle (3); pan ministr ťok (3); podat trestní oznámení (3); druhé třetí generace (3); stát ušetřil 2 (3); ušetřil 2 mld (3); moji osobu trestní oznámení (3); všem lidem dobré vůle (3); stát ušetřil 2 mld (3); ušetřil 2 mld kč (3); stát ušetřil 2 mld kč (3); ní hovořil premiér (2); klubu ano předseda (2); oproti roku 2013 (2); dvě mexické vlny (2); nerespektuje zákony rozhodnutí (2); nemám rád obstrukce (2); 130 průměrné mzdy (2); minulé koaliční vládě (2); hrát benefiční koncert (2); česká republika měla (2); prezident kdykoliv zastavit (2); my tykame ja (2); rozpočet pozemkové úpravy (2); dopravní infrastruktury čr (2); apple store praze (2); obě auta řídily (2); auta řídily ženy (2); mandát vzal sám (2); další benefiční koncert (2)
marketa-adamova,ráda bych (5); předsedkyni top (5); jaromíra soukupa (5); současný stav (4); opozičních stran (4); dálnice dálnice (4); předsedkyni top 09 (4); součástí mezinárodních (3); mezinárodních struktur (3); petra pavla (3); farmě čapí (3); toustový chléb (3); komunistického režimu (3); jeho okolí (3); stala členkou (3); době konjunktury (3); proti návrhu (3); ministryni financí (3); ústavní žaloba (3); mladých čechů (3); zákona zpřísňuje (3); zavedení eura (3); pan faltýnek (3); hlasování nedůvěře (3); svém projevu (3); tresty týrání (3); smutné sledovat (3); součástí mezinárodních struktur (3); farmě čapí hnízdo (3); obrovskou zásluhu svobodní (2); dnes představila návrh (2); pirátům ods ať (2); ods ať měst (2); ať měst vesnic (2); podíleli pádu komunistického (2); pádu komunistického režimu (2); podle svých slov (2); fiktivních reklam čapím (2); reklam čapím hnízdě (2); založení top 09 (2); kandidovat předsedkyni top (2); ohrazuji proti návrhu (2); mladých čechů hlasovalo (2); čechů hlasovalo setrvání (2); auditu ek premiér (2); ek premiér babiš (2); gratuluji zvolení předsedkyní (2); trestního zákona zpřísňuje (2); zákona zpřísňuje tresty (2); zpřísňuje tresty týrání (2); tresty týrání zvířat (2); funkce místopředsedy ps (2); návrh zákona kterým (2); dálnice dálnice dálnice (2); praze 9 14 (2); řekl premiér babiš (2); takový příští věk (2); ústavní žaloba prezidenta (2); možné nejvyššího státního (2); oproti předcházejícímu roku (2); nezávislosti veřejnoprávních médií (2); samotný návrh budu (2); pokračuji setkávání předsedy (2); setkávání předsedy blízkých (2); předsedy blízkých stran (2); pirátům ods ať měst (2); ods ať měst vesnic (2); podíleli pádu komunistického režimu (2); novelu zákona státním zastupitelství (2); fiktivních reklam čapím hnízdě (2)
martin-kolovratnik,d35 d35 (55); d35 d35 d35 (54); d35 d35 d35 d35 (53); d35 d35 d35 d35 d35 (52); vysokorychlostní tratě (30); výstavby dopravní (22); správní rady (20); stavební povolení (20); urychlení výstavby dopravní (19); kilometrů nových (18); dopravní uzel (17); uzel pardubice (17); železničního uzlu (17); pardubický kraj (16); rád napíšete (16); uzlu pardubice (16); budu rád napíšete (16); dopravní uzel pardubice (16); urychlení výstavby dopravní infrastruktury (15); martin charvát (14); železniční konferenci (14); zákon roku (13); stavební práce (13); víc míň (13); rady sždc (12); vidíte vy (12); můžete prosím (12); myslím bychom (12); budeme muset (12); dálnice d35 (12); nových silnic (12); správní rady sždc (12); železničního uzlu pardubice (12); jestli máte (11); zákona urychlení (11); společně kolegy (11); mě osobně (11); jasná věc (11); přesvědčený bychom (11); ministerstva dopravy (11); pojďme podívat (11); zákona urychlení výstavby (10); zákona urychlení výstavby dopravní (10); přesvědčený bychom měli (9); železniční konferenci pardubice (9); místopředseda správní rady (9); čísla mluví jasně (8); modernizace železničního uzlu (8); kilometrů nových silnic (8); zákona urychlení výstavby dopravní infrastruktury (8); zákon urychlení výstavby (7); rád napíšete názor (7); dopravní cesty sždc (7); zákon urychlení výstavby dopravní (7); budu rád napíšete názor (7); modernizace železničního uzlu pardubice (7); místopředseda správní rady sždc (7); železniční dopravní cesty sždc (7); staveb pět let (6); příští rok začíná (6); rok začíná velká (6); začíná velká modernizace (6); velká modernizace železničního (6); rekonstrukce velké části (6); velké části kolejiště (6); části kolejiště stavba (6); kolejiště stavba nového (6); stavba nového nástupiště (6); nového nástupiště ním (6); nástupiště ním spojené (6)
michaela-sojdrova,uprchlických dětí (14); češi pomáhají (9); nicholas winton (8); nedoprovázených dětí (7); paní šojdrová (6); uprchlických táborů (6); táborů řecku (6); post předsedy (6); obětem války (6); česká vláda (6); uprchlické děti (6); budu ráda (6); evropských lidovců (6); petr pithart (5); manfred weber (5); přijetí nedoprovázených (5); dětským obětem (5); dobrovolnou solidaritu (5); řeckých ostrovech (5); 200 rodin (5); předsedu evropské (5); uprchlických táborů řecku (5); dětským obětem války (5); předsedu evropské komise (5); děti kterým (4); chci poděkovat (4); uprchlického tábora (4); práva dětí (4); přijetí syrských (4); řeckých uprchlických (4); zemědělském výboru (4); nedoprovázených uprchlických (4); chtějí pomoci (4); přijetí dětí (4); dětí doprovodu (4); 000 pracovních (4); nicholase wintona (4); další kroky (4); území evropské (4); lídři eu (4); eu další (4); nezaopatřených uprchlických (4); nedoprovázených uprchlických dětí (4); 000 pracovních míst (4); území evropské unie (4); nezaopatřených uprchlických dětí (4); polil hořlavinou zapálil (3); naší lidskou zodpovědností (3); lidskou zodpovědností povinností (3); strany obchodních řetězců (3); evropský sbor solidarity (3); sir nicholas winton (3); výzva svědomí evropy (3); okolo 200 rodin (3); uprchlických dětí doprovodu (3); konec dvojí kvality (3); děkuji všem podporu (3); evropského sboru solidarity (3); naší lidskou zodpovědností povinností (3); situaci pronásledovaných křesťanů (2); václavském náměstí praze (2); květnou neděli významný (2); neděli významný den (2); příjezd ježíše jeruzaléma (2); ježíše jeruzaléma lid (2); jeruzaléma lid vítal (2); lid vítal palmovými (2); vítal palmovými větvemi (2); palmovými větvemi používáme (2); větvemi používáme kočičky (2)
michal-kucera,dan pitek (6); hnědého uhlí (6); karel schwarzenberg (5); století páry (5); zákoník práce (5); ústecký kraj (5); hospodářském výboru (5); těžba hnědého (4); slevy jízdném (4); opravdu chceme (4); rudá věž (4); věž smrti (4); údolí berounky (4); vzpomeňme rok (4); přírody krajiny (4); mnoho zdaru (4); směřování naší (4); hloupý vtip (4); těžba hnědého uhlí (4); rudá věž smrti (4); směřování naší země (4); elektronické řízení (3); podle dopravní (3); dopravní situace (3); naše děcka (3); mirkem kalouskem (3); karla schwarzenberga (3); peníze uhlí (3); ministr brabec (3); státních organizací (3); vláda chce (3); státních rezerv (3); ničí krajinu (3); dává smysl (3); ukrajině mají (3); mají jasno (3); mejdan pomalu (3); pomalu končí (3); slevy dotace (3); volební období (3); plukovníka stehlíka (3); žádný jiný (3); uhelná energetika (3); odra dunaj (3); karlem schwarzenbergem (3); době krize (3); zůstane zachován (3); ministr ťok (3); opět moci (3); ochranu přírody (3); lounské radnici (3); dálnice d7 (3); odhalování pamětní (3); pamětní desky (3); desky generálu (3); podle dopravní situace (3); ukrajině mají jasno (3); mejdan pomalu končí (3); ochranu přírody krajiny (3); odhalování pamětní desky (3); pamětní desky generálu (3); desky generálu mašínovi (3); přeji mnoho zdaru (3); ochraně životního prostředí (3); povrchová těžba hnědého (3); odhalování pamětní desky generálu (3); pamětní desky generálu mašínovi (3); povrchová těžba hnědého uhlí (3); odhalování pamětní desky generálu mašínovi (3); lounským starostou pavlem (2)
mikulas-peksa,evropa potřebuje (19); rozpočtovou kontrolu (13); svobodná aliance (12); výboru rozpočtovou (12); výboru rozpočtovou kontrolu (12); českém parlamentu (9); evropské peníze (8); copyrightové směrnice (8); autorském právu (8); roce 2015 (8); globální oteplování (8); nadnárodní korporace (8); cenzorní směrnici (7); svobody internetu (7); směrnice copyrightu (7); digitální daně (7); klimatická krize (7); evropská rada (7); oxidu uhličitého (7); placení daní (7); mikuláš peksa (6); ursuly von (6); proti cenzorní (6); frakce svobodná (6); skleníkových plynů (6); evropské armády (6); marek hilšer (6); ochranu klimatu (6); evropská politika (6); předsedkyni evropské (6); soudní dvůr (6); ivan bartos (6); celé evropě (6); frakce svobodná aliance (6); předsedkyni evropské komise (6); emise skleníkových plynů (5); markéta gregorová brusel (5); hlasování kvalifikovanou většinou (5); směrnici autorském právu (5); najdete mém blogu (5); základních lidských práv (5); proti cenzorní směrnici (4); autorském právu jednotném (4); právu jednotném digitálním (4); jednotném digitálním trhu (4); rámci boje proti (4); společné zahraniční bezpečnostní (4); zahraniční bezpečnostní politiky (4); evropa potřebuje piráty (4); evropská politika zahraniční (4); politika zahraniční politika (4); rozpočtovou kontrolu cont (4); peněz evropských daňových (4); evropských daňových poplatníků (4); eu členské státy (4); eu mimo ní (4); porušování základních lidských (4); autorském právu jednotném digitálním (4); právu jednotném digitálním trhu (4); společné zahraniční bezpečnostní politiky (4); evropská politika zahraniční politika (4); výboru rozpočtovou kontrolu cont (4); peněz evropských daňových poplatníků (4); porušování základních lidských práv (4); autorském právu jednotném digitálním trhu (4); ps chcete zahrát (3); chcete zahrát peksaso (3); zahrát peksaso pojmenovali (3); peksaso pojmenovali kolegové (3); pojmenovali kolegové dost (3)
milos-zeman,pane prezidente (202); setkání občany (180); dovolte abych (152); den návštěvy (151); občany města (123); setkání prezidenta (116); setkání prezidenta republiky (116); hradě dnes (113); týden prezidentem (113); prezidentem tv (111); barrandov čtvrtek (111); týden prezidentem tv (111); prezidentem tv barrandov (111); tv barrandov čtvrtek (111); týden prezidentem tv barrandov (111); prezidentem tv barrandov čtvrtek (111); týden prezidentem tv barrandov čtvrtek (111); setkání občany města (110); paní dnes (106); mojí paní (91); zaměstnanci společnosti (83); pražském hradě dnes (70); pražského hradu (69); té příležitosti (69); zámku lánech (67); své pracovně (65); druhé straně (62); zásluhy stát (58); medaili zásluhy (57); pracovně pražském (55); zásluhy stupně (55); pracovně pražském hradě (55); vážený pane předsedo (55); medaili zásluhy stupně (55); ovtv pražský (52); ovtv pražský hrad (52); své pracovně pražském (51); své pracovně pražském hradě (51); hradě přijal (49); příležitosti uvedl (49); stát oblasti (49); zásluhy stát oblasti (49); vážený pane prezidente (48); pražském hradě přijal (46); uvedl vážený (44); děkuji vaši (44); té příležitosti uvedl (44); 2017 setkání (43); uvedl vážený pane (43); vaši pozornost (41); dnes navštívila (40); občany obce (40); paní dnes navštívila (40); dnes přijal (39); první den (39); konference prezidenta (39); tisková konference prezidenta (39); konference prezidenta republiky (39); tisková konference prezidenta republiky (39); vážená paní (38); bílého lva (38); státního svátku (38); brigádního generála (38); děkuji vaši pozornost (37); přátelsky přivítal (36); armády české (36); setkání občany obce (36); armády české republiky (36); setkání zaměstnanci (35); paní vero (35)
miroslav-antl,vy mějte (20); rychnov kněžnou (18); senátního obvodu (18); společná fotografie (15); mého senátního (15); dobrovolných hasičů (14); krátká zdravice (14); orlických horách (14); mého senátního obvodu (14); sociální patologie (13); patologie sociologie (13); rychnově kněžnou (13); sociální patologie sociologie (13); katedra sociální (11); zdravice poděkování (11); senátním obvodu (11); mladší žáci (11); slavnostní zahájení (11); ofs pardubice (11); katedra sociální patologie (11); katedra sociální patologie sociologie (11); osh pardubice (10); rychnovské nemocnice (10); jednacím sále (10); úvodní zdravice (8); malých hasičů (8); senátorské víno (8); ivo mrázek (8); mém senátním (8); druhé místo (8); starších žáků (8); mém senátním obvodu (8); sdh houdkovice (7); drahošem drábkem (7); zde již (7); hlavním organizátorem (7); bohoušem cermanem (7); mladší přípravky (7); hradci králové (7); tj sokol (7); kostelci orlicí (7); hlavním sále (6); dolní rovni (6); jirkou bolehovským (6); trestního práva (6); své zdravici (6); zdraví pohodě (6); všeho druhu (6); honza dušek (6); čem povídat (6); ofs rk (6); mějte krásný (6); trestného činu (6); čas popovídat (6); český basketbal (6); požární útok (6); českého poháru (6); sdh javornice (6); pdf uhk (6); black buřiňos (5); nemohli vynechat (5); dobrá nálada (5); dolní roveň (5); dohodli další (5); poděkování organizátorům (5); korejze blatinského (5); tavení skla (5); skla dřevem (5); mladších žáků (5); krásné dny (5)
miroslav-kalousek,pane kalousku (68); konflikt zájmů (40); rozpočtové odpovědnosti (36); tv prima (34); přál bych (34); miroslav kalousek (33); mnohem větší (29); veřejných rozpočtů (28); krizového štábu (28); ministra financí (27); pivo mirkem (27); takovém případě (26); hodně sil (26); nezbývá než (24); státních zaměstnanců (24); vládní poslanci (23); zákona rozpočtové odpovědnosti (15); národní rozpočtové rady (14); předseda vlády čr (13); ústředního krizového štábu (13); nikdy mě nenapadlo (12); dám včas vědět (10); best in covid (10); penzijního zdravotního pojištění (10); republiky miloš zeman (9); trestně stíhaný stbák (9); počet státních zaměstnanců (9); ať odpočívá pokoji (9); odpočívejte pokoji pane (9); své cti dbalý (9); přeji mnoho úspěchů (9); té či oné (9); správě cizího majetku (8); principy právního státu (8); rozpočtová politika vlády (8); předsedkyně národní rozpočtové (8); předsedkyně národní rozpočtové rady (8); schopný národ řídí (7); hodně zdraví sil (7); poslanci top 09 (7); partii tv prima (7); kanceláře prezidenta republiky (7); den české státnosti (7); národ řídí nemehla (6); všech politických stranách (6); poslanců top 09 (6); vašem místě bych (6); dobrý den pane (6); židovských náboženských obcí (6); zákona veřejném zdraví (6); finanční strategii čr (6); ušetřit jedinou korunu (6); máte pravdu pane (6); bývalý ministr financí (6); vážné bezpečnostní riziko (6); vlády ano čssd (6); abych pravdu řekl (6); vy dobře víte (6); klubu top 09 (6); máte jistě pravdu (6); odskáčou ti nejslabší (6); porušování povinností správě (6); povinností správě cizího (6); ať či onak (6); zaslouží naši úctu (6); trestně stíhaný premiér (6); přeji hodně zdraví (6); maestro semjon byčkov (6); premiér trestně stíhaný (6); trestně stíhaná osoba (6)
olga-richterova,zde publikovaný (6); publikovaný návrh (6); návrh řešení (6); zde publikovaný návrh (6); publikovaný návrh řešení (6); zde publikovaný návrh řešení (6); díky pochvalu (5); sociální práce (5); malé děti (5); pana ministra (4); odebírání dětí (4); úřad práce (4); velká británie (4); vánoci bývají (4); bývají mrazy (4); nebude fyzicky (4); fyzicky možné (4); možné venku (4); venku účtenky (4); účtenky vydávat (4); vánoci bývají mrazy (4); nebude fyzicky možné (4); fyzicky možné venku (4); možné venku účtenky (4); venku účtenky vydávat (4); nebude fyzicky možné venku (4); fyzicky možné venku účtenky (4); možné venku účtenky vydávat (4); nebude fyzicky možné venku účtenky (4); fyzicky možné venku účtenky vydávat (4); téhle zemi (3); dětské skupiny (3); soc služby (3); kvalitní sociální (3); té interpelaci (3); sociální práci (3); respektuju výsledek (3); výsledek konzervativní (3); doufám velká (3); británie brát (3); zájmy skotů (3); skotů ohled (3); ohled vyjádřili (3); vyjádřili většinovou (3); většinovou vůli (3); vůli setrvat (3); setrvat eu (3); eu zdůrazňuji (3); zdůrazňuji vítěz (3); shodou okolností (3); oficiální dotaz (3); exekučního řádu (3); soulad zákonů (3); zákonů realitou (3); mrazy zkrátka (3); zkrátka nebude (3); respektuju výsledek konzervativní (3); výsledek konzervativní strany (3); doufám velká británie (3); velká británie brát (3); zájmy skotů ohled (3); skotů ohled vyjádřili (3); ohled vyjádřili většinovou (3); vyjádřili většinovou vůli (3); většinovou vůli setrvat (3); vůli setrvat eu (3); setrvat eu zdůrazňuji (3); eu zdůrazňuji vítěz (3); soulad zákonů realitou (3); bývají mrazy zkrátka (3)
ondrej-profant,právu digitální (8); open source (6); zákona právu digitální (5); právu digitální služby (5); bankovní identity (4); portál občana (4); zákona právu digitální služby (4); datové schránky (3); veřejné správy (3); žádný dokument (3); veřejné správě (3); 1 den (3); návrh zákona právu (3); zákon právu digitální (3); návrh zákona právu digitální (3); návrh zákona právu digitální služby (3); ministryně spravedlnosti (2); mobilních dat (2); tram 17 (2); pár minut (2); minut poté (2); systému exekucí (2); vojenská rozvědka (2); tisk 447 (2); stavební řízení (2); omezení svobody (2); pár týdnů (2); starší článek (2); köln sagt (2); first und (2); všech bank (2); čas promluvit (2); promluvit padesátému (2); padesátému výročí (2); vládě andreje (2); klíčový zákon (2); čr navíc (2); rámci nia (2); zasedání výboru (2); prošel návrh (2); kosmickou dopravu (2); vaše banka (2); akční plán (2); lidí exekuci (2); public money (2); money public (2); public code (2); pár minut poté (2); čas promluvit padesátému (2); promluvit padesátému výročí (2); vládě andreje babiše (2); zasedání výboru veřejnou (2); tisíc lidí exekuci (2); public money public (2); money public code (2); poslanci ano nemají (2); digitální technická mapa (2); neporušil jednací řád (2); neměl žádný dokument (2); žádný dokument spadající (2); dokument spadající zákon (2); spadající zákon doporučuji (2); zákon doporučuji kvalitnější (2); doporučuji kvalitnější zdroje (2); čez čd další (2); čas promluvit padesátému výročí (2); zasedání výboru veřejnou správu (2); public money public code (2); neměl žádný dokument spadající (2); žádný dokument spadající zákon (2)
patrik-nacher,doby korektní (13); jiný názor (8); elektronických komunikacích (8); předražené hrnce (8); šílenosti doby (8); dětské exekuce (8); politické korektnosti (8); šílenosti doby korektní (8); neplatné exekuce (7); hromadných žalobách (7); hromadných žalob (7); soudy mají (7); novela insolvenčního (6); karlu gottovi (6); napsal komentář (6); primátor prahy (6); zdravotním postizenim (6); investiční životní (6); životní pojištění (6); mate pravdu (6); soudních sporů (6); investiční životní pojištění (6); zákona elektronických (5); půl milionu (5); neprodávají předražené (5); aspoň povedlo (5); načerno znovu (5); finanční gramotnosti (5); hřib primátor (5); tisíc exekucí (5); ministerstvo spravedlnosti (5); dvojího metru (5); mají soudy (5); lidé kterým (5); kterým dluhy (5); dluhy vznikly (5); žáka vyučování (5); institut hromadných (5); hana kordová (5); kordová marvanová (5); zbyňkem prouskem (5); trestním řízení (5); několika desítkami (5); desítkami let (5); zákona elektronických komunikacích (5); neprodávají předražené hrnce (5); zdeněk hřib primátor (5); hřib primátor prahy (5); kterým dluhy vznikly (5); institut hromadných žalob (5); několika desítkami let (5); zdeněk hřib primátor prahy (5); trochu jiný (4); 168 hodin (4); soud svitavách (4); pohody klidu (4); politická korektnost (4); hrnce předváděcích (4); předváděcích akcích (4); nezabavitelné minimum (4); obou stran (4); protiprávních exekucí (4); předražené hrnce předváděcích (4); hrnce předváděcích akcích (4); 200 metrů čtverečních (4); princip dvojího metru (4); lidé kterým dluhy (4); dluhy vznikly dětství (4); velký dík patří (4); lovcem šmejdů zbyňkem (4)
pavel-belobradek,pavel bělobrádek (17); vědy výzkumu (16); kontrolu činnosti (15); pozor vtip (14); cdu csu (13); roce 2010 (12); roztroušenou sklerózou (12); komise kontrolu (12); jan sokol (12); the tap (12); tap tap (12); the tap tap (12); senát jim (11); topka stan (11); královéhradecký kraj (11); blby pozor (11); větší než (11); pane bělobrádku (11); blby pozor vtip (11); ach jo (10); jim nedáme (10); královéhradeckého kraje (10); karel gott (10); mnoho let (10); papež františek (10); pracující rodiče (10); červeném kostelci (10); roce 2013 (10); senát jim nedáme (10); činnosti bis (9); zemřel karel (9); gott český (9); český slavík (9); slavík zlatý (9); zlatý hlas (9); hlas sovětské (9); sovětské estrády (9); estrády hlavní (9); hlavní symbol (9); symbol družby (9); družby národů (9); národů socialistického (9); socialistického tábora (9); zemřel karel gott (9); karel gott český (9); gott český slavík (9); český slavík zlatý (9); slavík zlatý hlas (9); zlatý hlas sovětské (9); hlas sovětské estrády (9); sovětské estrády hlavní (9); estrády hlavní symbol (9); hlavní symbol družby (9); symbol družby národů (9); družby národů socialistického (9); národů socialistického tábora (9); větší než zisk (9); ep zvlášť kandidují (9); zvlášť kandidují cdu (9); kandidují cdu csu (9); zemřel karel gott český (9); karel gott český slavík (9); gott český slavík zlatý (9); český slavík zlatý hlas (9); slavík zlatý hlas sovětské (9); zlatý hlas sovětské estrády (9); hlas sovětské estrády hlavní (9); sovětské estrády hlavní symbol (9); estrády hlavní symbol družby (9); hlavní symbol družby národů (9)
pavel-poc,evropskou komisí (4); děkuji podporu (4); bezpečnosti potravin (4); lídr kandidátky (4); životním prostředí (4); dvojí metr (3); potravinovém právu (3); bezpečnost potravin (3); proti rakovině (3); zpráva výboru (3); potravinového práva (3); voleb evropského (3); budu moct (3); snížit emise (2); přijďte dnes (2); máte chuť (2); obecném potravinovém (2); čr eu (2); ústí labem (2); témata čekají (2); špatná musí (2); lídra eurovoleb (2); lidovci chtějí (2); škody napáchané (2); eu voleb (2); půdě ep (2); alternativy chemickým (2); chemickým pesticidům (2); chemických látek (2); členským státům (2); debata zákazu (2); lidovém domě (2); stále můžete (2); najdete zde (2); prsty průmyslu (2); inovační princip (2); zahájení kampaně (2); parlamentu blíží (2); voleb 2019 (2); časem podařilo (2); děkuji spolupráci (2); hormonální disruptory (2); budu komentovat (2); nepochopení neobratnost (2); skvělou práci (2); ohrožených druhů (2); přimět komisi (2); nebezpečných chemikálií (2); jednací sál (2); závěrečná zpráva (2); výboru koordinoval (2); máte rádi (2); downova syndromu (2); zdraví zvířat (2); obecném potravinovém právu (2); alternativy chemickým pesticidům (2); evropského parlamentu blíží (2); evropských voleb 2019 (2); závěrečná zpráva výboru (2); novou podobu potravinového (2); podobu potravinového práva (2); potravinového práva eu (2); boj proti dvojí (2); měli jít volbám (2); lídr kandidátky čssd (2); zahajujeme kampaň voleb (2); kampaň voleb evropského (2); volby evropského parlamentu blíží (2); novou podobu potravinového práva (2); boj proti dvojí kvalitě (2)
petr-fiala,koalice spolu (123); snížení daní (59); prodloužení nouzového (55); těchto dnech (54); česko dohromady (50); normálnímu životu (48); česko nohy (48); superhrubou mzdu (46); teď jde (46); zrušení daně (45); vláda musí (44); daně nabytí (44); abychom mohli (43); jižní moravě (43); senátních voleb (41); současná vláda (41); přeji mu (40); můžete spolehnout (40); senátních volbách (39); krajských voleb (38); konkrétní plán (38); podívejte prosím (37); koalici spolu (37); vláda nemá (37); bohuslav sobotka (37); první linii (36); přijďte prosím (36); nižší daně (35); petr fiala (35); čssd ano (35); volbám volte (35); konkrétní návrhy (34); stát musí (34); měl možnost (33); dáme česko (32); dáme česko dohromady (31); podívejte prosím krátké (25); česká republika potřebuje (23); prosím krátké shrnutí (23); podívejte prosím krátké shrnutí (23); nominaci předsedu ods (21); spolu dáme česko (21); postavit česko nohy (21); spolu dáme česko dohromady (21); mezi nejlepší země (20); zájmy české republiky (20); kole senátních voleb (16); mezi nejúspěšnější země (16); přijďte volbám volte (16); prosím pátek sobotu (15); návrat dětí škol (15); nejlepší země světě (15); mezi 10 nejlepších (15); krajských senátních volbách (15); mezi nejlepší země světě (15); naše země potřebuje (14); velký právní úklid (14); zrušit superhrubou mzdu (13); komunálních senátních volbách (13); obranu 2 hdp (13); pekarová adamová marian (13); adamová marian jurečka (13); změna můžete věřit (13); markéta pekarová adamová marian (13); pekarová adamová marian jurečka (13); markéta pekarová adamová marian jurečka (13); funkci předsedy vlády (12); přijďte prosím pátek (12); malým středním podnikatelům (12); dát česko dohromady (12)
petr-hlubucek,centru prahy (8); zavedení mýta (7); vysokoemisní vozidla (7); vzduchu praze (6); plavební komory (5); vjet centra (4); ničit zdraví (4); jednání rady (4); smetanova nábřeží (4); jednání zastupitelstva (4); náměstek primátora (4); dnes praze (4); emisí co2 (4); nových stromů (4); ulicích prahy (3); rada schválila (3); praze druhý (3); druhý nejhorší (3); nejhorší republice (3); nezakazuje nikomu (3); nikomu vjet (3); centra města (3); kouřící auta (3); neustále ničit (3); dnes schváleno (3); praze nechceme (3); roku 2030 (3); zdraví pražanů (3); mýta vysokoemisní (3); záchranná stanice (3); další plavební (3); roce 2050 (3); mýto vysokoemisní (3); vysokoemisní vozidlo (3); dětského ostrova (3); rostlinného bioodpadu (3); rostlinný bioodpad (3); vzduchu praze druhý (3); praze druhý nejhorší (3); druhý nejhorší republice (3); nezakazuje nikomu vjet (3); nikomu vjet centra (3); neustále ničit zdraví (3); ničit zdraví pražanů (3); zavedení mýta vysokoemisní (3); mýta vysokoemisní vozidla (3); vzduchu praze druhý nejhorší (3); praze druhý nejhorší republice (3); nezakazuje nikomu vjet centra (3); zavedení mýta vysokoemisní vozidla (3); vzduchu praze druhý nejhorší republice (3); technického stavu (2); stavu vozidel (2); sebou také (2); dopravního podniku (2); dozorčí rady (2); mýto nezakazuje (2); auta měla (2); měla neustále (2); zdraví obyvatel (2); složky izs (2); topení uhlím (2); prahy pochází (2); turistů praze (2); bezpečnost pražanů (2); komunální politik (2); politik radní (2); schváleno radě (2); klimatický závazek (2); snížíme emise (2)
radek-vondracek,národní rady (21); předsedů parlamentů (18); národního shromáždění (16); andrej danko (15); parlamentů zemí (13); slovenské republiky (13); srbské republiky (12); ilegální migraci (12); můžete pustit (11); visegrádské skupiny (11); rozšíření eu (11); danko predseda (11); predseda sns (11); andrej danko predseda (11); danko predseda sns (11); andrej danko predseda sns (11); dolní sněmovny (10); cyrila metoděje (10); roce 1968 (10); výročí sametové (9); sametové revoluce (9); mě čeká (9); přijal pozvání (9); předsedů parlamentů zemí (9); zemí v4 (8); předsedou dolní (8); dolní komory (8); spolkového sněmu (8); summitu předsedů (8); wolfgang sobotka (8); hlavním městě (8); oficiální návštěva (8); vesnice roku (8); uctil památku (8); celý projev (7); projev můžete (7); diskutovali také (7); vzájemných vztahů (7); bezpečnostní situaci (7); geoffem reganem (7); komory parlamentu (7); prezident české (7); obchodní investiční (7); nový velvyslanec (7); přátel čr (7); senior parlamentu (7); památky obětí holocaustu (7); celý projev můžete (6); předseda národní rady (6); parlamentů zemí visegrádské (6); zemí visegrádské skupiny (6); soukromá audience papeže (6); audience papeže františka (6); summitu předsedů parlamentů (6); předsedou dolní sněmovny (6); parlamentů zemí visegrádské skupiny (6); soukromá audience papeže františka (6); výročí okupace československa (5); národní rady rakouska (5); spojení mezi prahou (5); obchodní investiční vztahy (5); projev můžete přečíst (5); vzniku samostatného československého (5); samostatného československého státu (5); předsedů parlamentů evropské (5); parlamentů evropské unie (5); dolní komory parlamentu (5); obětí holocaustu předcházení (5); holocaustu předcházení zločinům (5); předcházení zločinům proti (5)
radim-fiala,abychom dopadli (65); dopadli stejně (65); nelegální imigranti (59); západní evropa (56); našich hranic (52); stejně islamizovaná (50); islamizovaná západní (49); islamizovaná západní evropa (49); stejně islamizovaná západní (48); stejně islamizovaná západní evropa (48); vyjít ulici (46); dopadli stejně islamizovaná (46); abychom dopadli stejně islamizovaná (46); dopadli stejně islamizovaná západní (45); abychom dopadli stejně islamizovaná západní (45); dopadli stejně islamizovaná západní evropa (45); odmítáme masovou (44); odmítáme masovou imigraci (44); české občany (43); lidé bojí (42); imigraci požadujeme (41); masovou imigraci požadujeme (41); odmítáme masovou imigraci požadujeme (41); spd nechce (40); nechce abychom (40); bojí vyjít (40); požadujeme možnost (40); kontroly našich (40); sem nemohli (40); hnutí spd nechce (40); spd nechce abychom (40); nechce abychom dopadli (40); imigraci požadujeme možnost (40); hnutí spd nechce abychom (40); spd nechce abychom dopadli (40); nechce abychom dopadli stejně (40); masovou imigraci požadujeme možnost (40); hnutí spd nechce abychom dopadli (40); spd nechce abychom dopadli stejně (40); odmítáme masovou imigraci požadujeme možnost (40); mnohdy lidé (39); ulici nepobodali (39); nepobodali či (39); či nezavraždili (39); nezavraždili imigranti (39); imigranti odmítáme (39); možnost kontroly (39); hranic sem (39); nemohli dostat (39); dostat nelegální (39); imigranti teroristi (39); mnohdy lidé bojí (39); lidé bojí vyjít (39); bojí vyjít ulici (39); vyjít ulici nepobodali (39); ulici nepobodali či (39); nepobodali či nezavraždili (39); či nezavraždili imigranti (39); nezavraždili imigranti odmítáme (39); imigranti odmítáme masovou (39); požadujeme možnost kontroly (39); možnost kontroly našich (39); kontroly našich hranic (39); našich hranic sem (39); hranic sem nemohli (39); sem nemohli dostat (39); nemohli dostat nelegální (39); dostat nelegální imigranti (39); nelegální imigranti teroristi (39); mnohdy lidé bojí vyjít (39)
stanislav-blaha,hradiště žije (11); uherské hradiště (10); let revoluci (7); slavnosti vína (7); novoroční předsevzetí (5); dobré zprávy (5); zase jednou (5); jedno malé (5); celý svět (4); palce ať (4); slováckého divadla (4); přitom stačilo (4); lidé měli (4); našem regionu (4); letní filmová (4); filmová škola (4); škola uherské (4); uherského hradiště (4); výběr mýta (4); 1x tady (4); 5 měsíců (4); držte palce ať (4); letní filmová škola (4); filmová škola uherské (4); škola uherské hradiště (4); letní filmová škola uherské (4); filmová škola uherské hradiště (4); letní filmová škola uherské hradiště (4); ať vydrží (3); svůj byznys (3); celá země (3); kole vinohrady (3); dnes slaví (3); pravou nohou (3); měli připomínat (3); říkám pořád (3); domácí pálení (3); přesně důvod (3); jít nahoru (3); hradiště hraje (3); dan ťok (3); doby znal (3); znal naše (3); naše výrobky (3); výrobky celý (3); svět naši (3); naši lidé (3); měli úctu (3); úctu doma (3); doma zahraničí (3); zahraničí věřím (3); věřím zpět (3); babišem čele (3); čele státu (3); nepřekrucuje fakta (3); fakta sprostě (3); sprostě neuráží (3); neuráží své (3); své oponenty (3); doby znal naše (3); znal naše výrobky (3); naše výrobky celý (3); výrobky celý svět (3); celý svět naši (3); svět naši lidé (3); naši lidé měli (3); lidé měli úctu (3); měli úctu doma (3); úctu doma zahraničí (3); doma zahraničí věřím (3)
tomas-golan,ústavního soudu (17); zcela jistě (13); forum karlín (9); koncert paměť (8); daňových poradců (8); manželka jana (8); rozhodnutí ústavního (7); trestního stíhání (7); krajští zastupitelé (7); finanční ředitelství (7); senátní tisk (7); rozhodnutí ústavního soudu (7); čro plus (6); zákona státních (6); státních zástupcích (6); uherském hradišti (6); nejvyššího správního (6); jana skončila (6); třeba uvědomit (6); územní pracoviště (6); neomezená data (6); vysokých školách (6); zákona daních (6); daních příjmů (6); nejvyšší správní (6); správní soud (6); investiční pobídky (6); zákona státních zástupcích (6); manželka jana skončila (6); zákona daních příjmů (6); duše zpívej (5); zasedání ústavně (5); tato situace (5); zeleném salónku kolovratského (5); salónku kolovratského paláce (5); paměť národa 10 (5); národa 10 km (5); 10 km uherském (5); km uherském hradišti (5); komory daňových poradců (5); nejvyššího správního soudu (5); zlínský kraj czech (5); odvolací finanční ředitelství (5); akce česko svítí (5); česko svítí modře (5); schůze senátu parlamentu (5); soud české republiky (5); zeleném salónku kolovratského paláce (5); paměť národa 10 km (5); národa 10 km uherském (5); 10 km uherském hradišti (5); zlínský kraj czech republic (5); akce česko svítí modře (5); schůze senátu parlamentu čr (5); paměť národa 10 km uherském (5); národa 10 km uherském hradišti (5); senátu jiří růžička (4); místopředsedou senátu jiřím (4); senátu jiřím růžičkou (4); společného semináře komory (4); semináře komory daňových (4); daňových poradců finanční (4); poradců finanční správy (4); finanční správy soudců (4); správy soudců nejvyššího (4); soudců nejvyššího správního (4); správního soudu půdě (4); soudu půdě nss (4); malenovice okres zlín (4); projekt paměť národa (4)
tomas-macura,pane primátore (8); nové radnice (6); masarykovo náměstí (4); města ostravy (4); našeho města (4); integrovaná povolení (4); centru města (4); reklamní smog (4); projektu sametova (3); koksovně svoboda (3); nadlimitní čištění (3); již dříve (3); řeky ostravice (3); miloše sýkory (3); městský ateliér (3); roční koncentrace (3); veřejný prostor (3); černá kostka (3); útlum těžby (3); svůj střet (3); masarykova náměstí (3); fajnovy prostor (3); 17 hodin (3); paní náměstkyně (3); čtvrt století (3); architektonickou soutěž (3); parkovací domy (3); nové koncertní (3); koncertní haly (3); koncertní halu (3); svém profilu (3); nové koncertní haly (3); našem městě (2); takové excesy (2); ostravě město (2); pět milionů (2); 6 let (2); dříve než (2); celém městě (2); svůj vlastní (2); ostravy pár (2); velmi dobré (2); břeh řeky (2); mostu miloše (2); plánovat opravy (2); prostorového plánování (2); plánování architektury (2); náměstkyně primátora (2); bus cng (2); dalších 200 (2); 200 kol (2); velký příběh (2); generální ředitel (2); černou louku (2); krajsky urad (2); emitovaných škodlivin (2); kú msk (2); ekologické zátěže (2); cca 20 (2); průměrná roční (2); koncentrace prachu (2); břeh řeky ostravice (2); mostu miloše sýkory (2); prostorového plánování architektury (2); dalších 200 kol (2); průměrná roční koncentrace (2); roční koncentrace prachu (2); vážený pane macuro (2); vyřešil svůj střet (2); zpřísnil integrovaná povolení (2)
tomas-martinek,let starý (62); pět let starý (61); starý příspěvek (59); let starý příspěvek (59); pět let starý příspěvek (58); reagujete pět (57); reagujete pět let (57); reagujete pět let starý (57); reagujete pět let starý příspěvek (54); víte reagujete (41); víte reagujete pět (40); víte reagujete pět let (40); víte reagujete pět let starý (40); tomáš martínek (7); českého rozhlasu (7); tajné volbě (6); české lípě (5); nabytí nemovitých (5); nemovitých věcí (5); ano spd (5); michal semín (5); so orp (5); volební systém (5); radě čtk (5); přesný opak (4); mediálního prostoru (4); jeden konkrétní (4); orp turnov (4); poměrného zastoupení (4); členů rady (4); proti tajné (4); dole turów (4); mediální gramotnosti (4); premiérovi babišovi (4); veřejnoprávní média (4); nevolenou stranu (4); rady českého (4); so orp turnov (4); proti tajné volbě (4); rady českého rozhlasu (4); hlasů než (3); zavádějící informace (3); zavádějících informací (3); delší dobu (3); tv nova (3); čt rok (3); středoškolské matematiky (3); nejvíc hlasů (3); jedná pět (3); veřejných peněz (3); mediální prostor (3); česká pirátská (3); pirátská strana (3); již nyní (3); vkládána úst (3); nominační zákon (3); piráti schválení (3); schválení zpráv (3); vládní návrh (3); konkrétní příklad (3); podle všeho (3); šedou zónu (3); rozšíření těžby (3); polském dole (3); ústavních činitelů (3); všem ostatním (3); demokratických voleb (3); jedná pět let (3); piráti schválení zpráv (3); jeden konkrétní příklad (3)
tomas-prouza,dvojí kvalitu (14); cestovního ruchu (10); svazu obchodu (9); dvojí kvality (8); kvalitu potravin (8); ministerstvo zemědělství (8); obchodu cestovního (8); obchodu cestovního ruchu (8); český trh (7); dál víc (7); nejvyšší čas (7); portfolio věry (7); ministr zemědělství (7); naprostá většina (7); portfolio věry jourové (7); svazu obchodu cestovního (7); svazu obchodu cestovního ruchu (7); český premiér (6); zajímavý rozhovor (6); zákona významné (6); významné tržní (6); tržní síle (6); obchodní řetězce (6); pane prouzo (6); digitalizaci obchodu (6); ruchu čr (6); kvality potravin (6); zákona významné tržní (6); významné tržní síle (6); zákona významné tržní síle (6); nová šéfka (5); šéfka komise (5); britská vláda (5); potravinové sbírky (5); členem představenstva (5); stojí přečtení (5); díky pozvání (5); slevové akce (5); lépe než (5); zajímavá debata (5); věra jourová (5); nová šéfka komise (5); cestovního ruchu čr (5); obchodu cestovního ruchu čr (5); evropskými volbami (4); každá země (4); velmi zajímavý rozhovor (4); vůči konečnému spotřebiteli (4); cenu digitalizaci obchodu (4); prezident svazu obchodu (4); svazu obchodu cestovního ruchu čr (4); novely zákona významné (3); rukou ministra průmyslu (3); 350 milionů liber (3); milionů liber týdně (3); řešení dvojí kvality (3); silné ekonomické portfolio (3); novely zákona významné tržní (3); rukou ministra průmyslu obchodu (3); 350 milionů liber týdně (3); prezident svazu obchodu cestovního (3); novely zákona významné tržní síle (3); prezident svazu obchodu cestovního ruchu (3); kvalita potravin velkým (2); potravin velkým tématem (2); šíření poplašné zprávy (2); mě teda dost (2); mockrát děkuji vážím (2); nebojte my starší (2); my starší zkušenější (2)
tomas-zdechovsky,europoslanec tomáš (5); europoslanec tomáš zdechovský (5); ruská propaganda (4); nevím zda (4); zájmů českého (3); jiří čunek (3); trochu jinak (3); pane zdechovský (3); zájmů českého premiéra (3); myslím dobře (2); článek 8 (2); 2x ročně (2); podle soudu (2); dobře víte (2); řada lidí (2); my tykame (2); přeju ať (2); katolické církve (2); sovětský svaz (2); pravý čas (2); přeji vše (2); zemich eu (2); úplně jinak (2); roger scruton (2); prvním místě (2); parlamentu štrasburku (2); johannes hahn (2); podle kterého (2); dobré jméno (2); dnes vyrazili (2); 32 let (2); let ministryně (2); 34 let (2); hodně dlouho (2); misto abyste (2); abyste zakazali (2); zakazali podobne (2); podobne praktiky (2); praktiky date (2); date ceduli (2); ceduli ma (2); ma logiku (2); vláda pata (2); pata mata (2); kudlu zad (2); všechny tři (2); sir roger (2); kandidovat předsedu (2); udelali chybu (2); opravdu nemyslím (2); pár pokut (2); pokut podmínka (2); podmínka pak (2); pak lidé (2); lidé diví (2); diví otcové (2); otcové páchají (2); přeji vše nejlepší (2); evropském parlamentu štrasburku (2); misto abyste zakazali (2); abyste zakazali podobne (2); zakazali podobne praktiky (2); podobne praktiky date (2); praktiky date ceduli (2); date ceduli ma (2); ceduli ma logiku (2); vláda pata mata (2); pár pokut podmínka (2); pokut podmínka pak (2); podmínka pak lidé (2)
tomio-okamura,našeho hnutí (2273); přímá demokracie (2181); svoboda přímá (2115); svoboda přímá demokracie (2114); hnutí svoboda (2098); hnutí svoboda přímá (2097); demokracie spd (2025); přímá demokracie spd (2021); svoboda přímá demokracie spd (2021); hnutí svoboda přímá demokracie spd (2016); napište komentářů (1744); naše hnutí (1691); názory našeho (1687); názory našeho hnutí (1687); prosím sdílejte (1528); vy napište (1494); myslíte vy napište (1481); vy napište komentářů (1476); myslíte vy napište komentářů (1467); sledujte také (1324); souhlasíte prosím (1323); souhlasíte prosím sdílejte (1321); komentářů jestli (1225); petra fialy (1225); napište komentářů jestli (1224); mnou souhlasíte (1218); vy napište komentářů jestli (1218); myslíte vy napište komentářů jestli (1218); jestli mnou (1217); jestli mnou souhlasíte (1216); našeho hnutí svoboda (1216); našeho hnutí svoboda přímá (1216); našeho hnutí svoboda přímá demokracie (1216); mnou souhlasíte prosím (1208); jestli mnou souhlasíte prosím (1207); mnou souhlasíte prosím sdílejte (1207); jestli mnou souhlasíte prosím sdílejte (1206); komentářů jestli mnou (1158); napište komentářů jestli mnou (1158); komentářů jestli mnou souhlasíte (1157); napište komentářů jestli mnou souhlasíte (1157); vy napište komentářů jestli mnou (1155); komentářů jestli mnou souhlasíte prosím (1154); sdílejte ať (1108); prosím sdílejte ať (1104); nejvíce lidí (1091); souhlasíte prosím sdílejte ať (1066); mnou souhlasíte prosím sdílejte ať (1064); dozví nejvíce (1061); dozví nejvíce lidí (1061); ať názory (1041); spd dozví (1041); sdílejte ať názory (1041); ať názory našeho (1041); spd dozví nejvíce (1041); prosím sdílejte ať názory (1041); sdílejte ať názory našeho (1041); ať názory našeho hnutí (1041); názory našeho hnutí svoboda (1041); spd dozví nejvíce lidí (1041); souhlasíte prosím sdílejte ať názory (1041); prosím sdílejte ať názory našeho (1041); sdílejte ať názory našeho hnutí (1041); názory našeho hnutí svoboda přímá (1041); demokracie spd dozví (1037); přímá demokracie spd dozví (1037); demokracie spd dozví nejvíce (1037); ať názory našeho hnutí svoboda (1037); svoboda přímá demokracie spd dozví (1037); přímá demokracie spd dozví nejvíce (1037)
vaclav-klaus,zuzana majerová (7); hezkou neděli (6); beseda občany (5); včera večer (5); nové strany (5); ustavující sněm (5); komunální volby (5); místní organizace (5); pátek večer (5); milí lidé (5); svobody slova (5); svobodě slova (4); přišel čas (4); veřejného mínění (4); bohatství vzniká (4); vzniká práce (4); činorodé lidi (4); sněm trikolóra (4); krátký sestřih (4); jezdíme okresem (4); opakované komunální (4); budeme hájit (4); pár slov (4); našem programu (4); vtip internetu (4); každé pondělí (4); dnes jezdíme (4); tady peci (4); bohatství vzniká práce (4); opakované komunální volby (4); hezký den všem (4); programu trikolóra (3); bych měl (3); zemi zpátky (3); naše názory (3); svobodných lidí (3); braňme normální (3); stará fotka (3); poslankyně majerová (3); foto 2 (3); peníze mají (3); mají lidé (3); včera křižovali (3); mohu mluvit (3); našim předkům (3); své názory (3); miliony korun (3); volby strakonicích (3); rubrika vtip (3); zapálit svíčku (3); teď mne (3); pár fotek (3); mistr republiky (3); dnes ráno (3); zvyšuje daně (3); peníze mají lidé (3); rubrika vtip internetu (3); dnes jezdíme okresem (3); nedostatkem bystré mysli (3); zákonu svobodě slova (2); ivana kerlesová trikolóra (2); kerlesová trikolóra jižní (2); trikolóra jižní čechy (2); nevěřím předurčení osud (2); předurčení osud ovládá (2); osud ovládá historii (2); ovládá historii vývoj (2); historii vývoj společnosti (2); vývoj společnosti věřím (2); společnosti věřím osud (2)
vit-rakusan,starostové nezávislí (28); hnutí stan (15); jan farský (10); vít rakušan (10); milion chvilek (8); chvilek demokracii (8); věra kovářová (7); milion chvilek demokracii (7); středočeského kraje (6); neziskový sektor (6); pavel čížek (5); cesta krajinu (5); kovářová železná (5); mnoho lidí (5); kutné hoře (5); václava moravce (5); mikuláš bek (5); rozum hrsti (5); ano ksčm (5); věra kovářová železná (5); projekt 1000 (4); 1000 1 (4); 1 cesta (4); 1000 1 cesta (4); 1 cesta krajinu (4); vlády české republiky (4); slibovali nebudou zvyšovat (4); vzít rozum hrsti (4); 1000 1 cesta krajinu (4); spustili projekt 1000 (3); projekt 1000 1 (3); budu rád budete (3); dnes budu hostem (3); problémy problémy svého (3); lidí české republice (3); více než jindy (3); hnutí starostové nezávislí (3); dotací skupiny agrofert (3); bych rád kdyby (3); funkce člena rady (3); petr gazdík mikuláš (3); gazdík mikuláš bek (3); nebudou zvyšovat daně (3); slibovali líp zatím (3); líp zatím líp (3); zatím líp jim (3); líp jim konečně (3); jim konečně měl (3); konečně měl vzít (3); měl vzít rozum (3); otevřený dopis premiérovi (3); spustili projekt 1000 1 (3); projekt 1000 1 cesta (3); petr gazdík mikuláš bek (3); slibovali nebudou zvyšovat daně (3); slibovali líp zatím líp (3); líp zatím líp jim (3); zatím líp jim konečně (3); líp jim konečně měl (3); jim konečně měl vzít (3); konečně měl vzít rozum (3); měl vzít rozum hrsti (3); spustili projekt 1000 1 cesta (3); projekt 1000 1 cesta krajinu (3); slibovali líp zatím líp jim (3); líp zatím líp jim konečně (3); zatím líp jim konečně měl (3); líp jim konečně měl vzít (3); jim konečně měl vzít rozum (3); konečně měl vzít rozum hrsti (3)
vladimir-kremlik,nového mýtného (39); mýtný systém (31); dopravní hlášení (28); nový mýtný (21); nový mýtný systém (21); vodních cest (18); spuštění nového (17); nového systému (17); dálnice d1 (16); mezi prahou (15); tisíc vozidel (14); ředitelství vodních (13); dopravní stavby (13); dálnice d3 (13); silnicích třídy (13); ředitelství vodních cest (13); negrelliho viaduktu (12); roku 2021 (12); nových dálnic (12); úsek dálnice (12); ministerstvu dopravy (11); celé republice (11); prodloužená rudná (11); našich silnicích (11); spuštění nového mýtného (11); spuštění nového mýtného systému (11); palubních jednotek (10); část obchvatu (10); státní plavební (10); generálním ředitelem (10); všechny dopravce (10); modernizace trati (9); zvýší bezpečnost (9); celkové délce (9); dopravní omezení (9); českých dálnicích (9); roku 2022 (9); zahájili stavbu (9); poslední chvíli (9); výběru mýta (9); mém facebookovém (8); facebookovém profilu (8); železniční stanice (8); dlouhý úsek (8); mém facebookovém profilu (8); kdyby cokoliv dopravy (8); cokoliv dopravy zajímalo (8); dopravy zajímalo neváhejte (8); zajímalo neváhejte napsat (8); státního fondu dopravní (8); fondu dopravní infrastruktury (8); vodních cest české (8); cest české republiky (8); kdyby cokoliv dopravy zajímalo (8); cokoliv dopravy zajímalo neváhejte (8); dopravy zajímalo neváhejte napsat (8); ředitelství vodních cest české (8); vodních cest české republiky (8); kdyby cokoliv dopravy zajímalo neváhejte (8); cokoliv dopravy zajímalo neváhejte napsat (8); ředitelství vodních cest české republiky (8); neváhejte napsat tady (7); napsat tady facebooku (7); prague airport letiště (7); zajímalo neváhejte napsat tady (7); neváhejte napsat tady facebooku (7); dopravy zajímalo neváhejte napsat tady (7); zajímalo neváhejte napsat tady facebooku (7); spuštění nového systému (6); airport letiště praha (6)
zdenek-hrib,dopravu adam (20); adam zábranský (17); smart city (14); metra d (12); hanka trestikova (11); podnik hlavního (11); petr hlaváček (11); dopravní podnik hlavního (11); podnik hlavního města (11); dopravní podnik hlavního města (11); podnik hlavního města prahy (11); dopravní podnik hlavního města prahy (11); václavské náměstí (10); jan chabr (10); pavel vyhnánek (10); dobrou práci (9); městských částí (9); městských bytů (9); trojské lávky (9); milionů kč (8); jelení příkop (8); vyhlášky buskingu (8); praha 1 (8); náměstek dopravu (8); pivní kola (8); bydlení adam (8); radní bydlení (8); vít šimral (8); metro d (8); bydlení adam zábranský (8); říká radní (7); institut plánování (7); plánování rozvoje (7); rozvoje prahy (7); prahy ipr (7); dopravní náměstek (7); náměstek dopravu adam (7); institut plánování rozvoje (7); plánování rozvoje prahy (7); rozvoje prahy ipr (7); institut plánování rozvoje prahy (7); plánování rozvoje prahy ipr (7); institut plánování rozvoje prahy ipr (7); 100 milionů (6); mě názor (6); veřejném prostoru (6); kulturu hanka (6); milion stromů (6); městské byty (6); jeleního příkopu (6); roku 2020 (6); pražský primátor (6); bydlení praze (6); stavby metra (6); karlův most (6); prahu pražany (6); budeme rádi (6); mariánském náměstí (6); náměstkem dopravu (6); úřednické ghetto (6); scheinherr dopravní (6); mariánského sloupu (6); zajímá mě názor (6); kulturu hanka trestikova (6); adam scheinherr dopravní (6); scheinherr dopravní podnik (6); náměstek dopravu adam scheinherr (6); adam scheinherr dopravní podnik (6); scheinherr dopravní podnik hlavního (6); adam scheinherr dopravní podnik hlavního (6)
zuzana-majerova-zahradnikova,kraj czech (13); všem přišli (13); všem krásný (12); prvé řadě (9); příznivci trikolóra (9); vodní pólo (8); neposlední řadě (8); sk up (7); up olomouc (7); olomouc vodní (7); olomoucký kraj (7); závěrečná beseda (7); registrovaných příznivců (7); příznivců trikolóra (7); přišli popovídat (7); skvělou organizaci (7); sk up olomouc (7); up olomouc vodní (7); olomouc vodní pólo (7); sk up olomouc vodní (7); up olomouc vodní pólo (7); sk up olomouc vodní pólo (7); olomouc hc (6); místních organizací (6); našem olomouckém (6); dalibor horák (6); original play (6); poslanecká kancelář (6); kancelář zuzany (6); zuzany majerové (6); majerové zahradníkové (6); martin šnévajs (6); strpění cizince (6); norbert hlaváček (6); organizaci dne (6); muže ženy (6); skupiny přátel (6); také všem (6); krajskému koordinátorovi (6); poslanecká kancelář zuzany (6); kancelář zuzany majerové (6); zuzany majerové zahradníkové (6); olomoucký kraj czech (6); poslanecká kancelář zuzany majerové (6); kancelář zuzany majerové zahradníkové (6); olomoucký kraj czech republic (6); poslanecká kancelář zuzany majerové zahradníkové (6); hc kohouti (5); kohouti olomouc (5); hc mora (5); mora olomouc (5); perfektní organizaci (5); institut strpění (5); velka bystrice (5); bystrice olomoucký (5); hc kohouti olomouc (5); hc mora olomouc (5); našem olomouckém kraji (5); institut strpění cizince (5); velka bystrice olomoucký (5); bystrice olomoucký kraj (5); jihomoravký kraj czech (5); velka bystrice olomoucký kraj (5); bystrice olomoucký kraj czech (5); jihomoravký kraj czech republic (5); velka bystrice olomoucký kraj czech (5); bystrice olomoucký kraj czech republic (5); olomouc hc mora (4); přeji všem krásnou (4); projednáváme novelu zákona (4)
